s_m,x_m,y_m,vx_mps,width_left_m,width_right_m
0.0000000,9.1920962,8.4086557,3.0000000,0.6497642,0.3502358
0.0499755,9.2163155,8.4524089,3.0000000,0.6491107,0.3508893
0.0999510,9.2403231,8.4962698,3.0000000,0.6484572,0.3515428
0.1499265,9.2641233,8.5402348,3.0000000,0.6478036,0.3521964
0.1999020,9.2877206,8.5843006,3.0000000,0.6471501,0.3528499
0.2498775,9.3111195,8.6284638,3.0000000,0.6464966,0.3535034
0.2998530,9.3343245,8.6727211,3.0000000,0.6458431,0.3541569
0.3498285,9.3573400,8.7170692,3.0000000,0.6451896,0.3548104
0.3998041,9.3801704,8.7615046,3.0000000,0.6445361,0.3554639
0.4497796,9.4028202,8.8060241,3.0000000,0.6438825,0.3561175
0.4997551,9.4252939,8.8506241,3.0000000,0.6432290,0.3567710
0.5497306,9.4476278,8.8953655,3.0000000,0.6415716,0.3584284
0.5997061,9.4697951,8.9401828,3.0000000,0.6398701,0.3601299
0.6496816,9.4918003,8.9850718,3.0000000,0.6381687,0.3618313
0.6996571,9.5136485,9.0300296,3.0000000,0.6364672,0.3635328
0.7496326,9.5353445,9.0750534,3.0000000,0.6347657,0.3652343
0.7996081,9.5568936,9.1201404,3.0000000,0.6330643,0.3669357
0.8495836,9.5783006,9.1652875,3.0000000,0.6313628,0.3686372
0.8995591,9.5995706,9.2104920,3.0000000,0.6296613,0.3703387
0.9495346,9.6207087,9.2557509,3.0000000,0.6279598,0.3720402
0.9995101,9.6417199,9.3010615,3.0000000,0.6262584,0.3737416
1.0494856,9.6626352,9.3464773,3.0000000,0.6231972,0.3768028
1.0994612,9.6834342,9.3919410,3.0000000,0.6200113,0.3799887
1.1494367,9.7041217,9.4374486,3.0000000,0.6168253,0.3831747
1.1994122,9.7247030,9.4829979,3.0000000,0.6136394,0.3863606
1.2493877,9.7451835,9.5285863,3.0000000,0.6104535,0.3895465
1.2993632,9.7655684,9.5742116,3.0000000,0.6072676,0.3927324
1.3493387,9.7858631,9.6198712,3.0000000,0.6040816,0.3959184
1.3993142,9.8060729,9.6655629,3.0000000,0.6008957,0.3991043
1.4492897,9.8262033,9.7112841,3.0000000,0.5977098,0.4022902
1.4992652,9.8462594,9.7570325,3.0000000,0.5945238,0.4054762
1.5492407,9.8662650,9.8028477,3.0000000,0.5898416,0.4101584
1.5992162,9.8862073,9.8486862,3.0000000,0.5849436,0.4150564
1.6491917,9.9060915,9.8945453,3.0000000,0.5800455,0.4199545
1.6991672,9.9259229,9.9404227,3.0000000,0.5751475,0.4248525
1.7491427,9.9457071,9.9863164,3.0000000,0.5702494,0.4297506
1.7991183,9.9654494,10.0322243,3.0000000,0.5653513,0.4346487
1.8490938,9.9851553,10.0781441,3.0000000,0.5604533,0.4395467
1.8990693,10.0048301,10.1240737,3.0000000,0.5555552,0.4444448
1.9490448,10.0244793,10.1700110,3.0000000,0.5506572,0.4493428
1.9990203,10.0441084,10.2159540,3.0000000,0.5457591,0.4542409
2.0489958,10.0637327,10.2619238,3.0000000,0.5393718,0.4606282
2.0989713,10.0833478,10.3078949,3.0000000,0.5326835,0.4673165
2.1489468,10.1029591,10.3538653,3.0000000,0.5259953,0.4740047
2.1989223,10.1225723,10.3998328,3.0000000,0.5193071,0.4806929
2.2488978,10.1421927,10.4457954,3.0000000,0.5126188,0.4873812
2.2988733,10.1618260,10.4917510,3.0000000,0.5059306,0.4940694
2.3488488,10.1814776,10.5376974,3.0000000,0.4992424,0.5007576
2.3988243,10.2011530,10.5836326,3.0000000,0.4925541,0.5074459
2.4487998,10.2208578,10.6295545,3.0000000,0.4858659,0.5141341
2.4987754,10.2405976,10.6754610,3.0000000,0.4791777,0.5208223
2.5487509,10.2603777,10.7213500,3.0000000,0.4711722,0.5288278
2.5987264,10.2802037,10.7672194,3.0000000,0.4628164,0.5371836
2.6487019,10.3000810,10.8130671,3.0000000,0.4544606,0.5455394
2.6986774,10.3200152,10.8588910,3.0000000,0.4461048,0.5538952
2.7486529,10.3400118,10.9046891,3.0000000,0.4377490,0.5622510
2.7986284,10.3600761,10.9504592,3.0000000,0.4293932,0.5706068
2.8486039,10.3802138,10.9961993,3.0000000,0.4210374,0.5789626
2.8985794,10.4004302,11.0419072,3.0000000,0.4126816,0.5873184
2.9485549,10.4207309,11.0875808,3.0000000,0.4043258,0.5956742
2.9985304,10.4411207,11.1332167,3.0000000,0.3959700,0.6040300
3.0485059,10.4615932,11.1787863,3.0000000,0.3937172,0.6062828
3.0984814,10.4821660,11.2243148,3.0000000,0.3935216,0.6064784
3.1484569,10.5028447,11.2697996,3.0000000,0.3933260,0.6066740
3.1984325,10.5236343,11.3152381,3.0000000,0.3931304,0.6068696
3.2484080,10.5445405,11.3606277,3.0000000,0.3929348,0.6070652
3.2983835,10.5655683,11.4059658,3.0000000,0.3927392,0.6072608
3.3483590,10.5867232,11.4512496,3.0000000,0.3925436,0.6074564
3.3983345,10.6080105,11.4964766,3.0000000,0.3923481,0.6076519
3.4483100,10.6294356,11.5416442,3.0000000,0.3921525,0.6078475
3.4982855,10.6510022,11.5867466,3.0000000,0.3919569,0.6080431
3.5482610,10.6726947,11.6317380,3.0000000,0.3947285,0.6052715
3.5982365,10.6945405,11.6766617,3.0000000,0.3987366,0.6012634
3.6482120,10.7165445,11.7215146,3.0000000,0.4027446,0.5972554
3.6981875,10.7387120,11.7662936,3.0000000,0.4067527,0.5932473
3.7481630,10.7610481,11.8109957,3.0000000,0.4107607,0.5892393
3.7981385,10.7835579,11.8556176,3.0000000,0.4147687,0.5852313
3.8481140,10.8062465,11.9001563,3.0000000,0.4187768,0.5812232
3.8980896,10.8291191,11.9446087,3.0000000,0.4227848,0.5772152
3.9480651,10.8521808,11.9889718,3.0000000,0.4267929,0.5732071
3.9980406,10.8754342,12.0332376,3.0000000,0.4308009,0.5691991
4.0480161,10.8988532,12.0773447,3.0000000,0.4339357,0.5660643
4.0979916,10.9224758,12.1213526,3.0000000,0.4366284,0.5633716
4.1479671,10.9463066,12.1652572,3.0000000,0.4393210,0.5606790
4.1979426,10.9703504,12.2090547,3.0000000,0.4420136,0.5579864
4.2479181,10.9946120,12.2527411,3.0000000,0.4447063,0.5552937
4.2978936,11.0190961,12.2963126,3.0000000,0.4473989,0.5526011
4.3478691,11.0438076,12.3397652,3.0000000,0.4500916,0.5499084
4.3978446,11.0687511,12.3830950,3.0000000,0.4527842,0.5472158
4.4478201,11.0939315,12.4262980,3.0000000,0.4554769,0.5445231
4.4977956,11.1193509,12.4693659,3.0000000,0.4581695,0.5418305
4.5477711,11.1449723,12.5122257,3.0000000,0.4567307,0.5432693
4.5977467,11.1708435,12.5549466,3.0000000,0.4527796,0.5472204
4.6477222,11.1969685,12.5975235,3.0000000,0.4488284,0.5511716
4.6976977,11.2233516,12.6399517,3.0000000,0.4448773,0.5551227
4.7476732,11.2499970,12.6822263,3.0000000,0.4409261,0.5590739
4.7976487,11.2769088,12.7243424,3.0000000,0.4369750,0.5630250
4.8476242,11.3040914,12.7662951,3.0000000,0.4330238,0.5669762
4.8975997,11.3315489,12.8080795,3.0000000,0.4290727,0.5709273
4.9475752,11.3592855,12.8496908,3.0000000,0.4251215,0.5748785
4.9975507,11.3873037,12.8911218,3.0000000,0.4211704,0.5788296
5.0475262,11.4155573,12.9322943,3.0000000,0.4133178,0.5866822
5.0975017,11.4441007,12.9732786,3.0000000,0.4026381,0.5973619
5.1474772,11.4729375,13.0140686,3.0000000,0.3919583,0.6080417
5.1974527,11.5020710,13.0546582,3.0000000,0.3812786,0.6187214
5.2474282,11.5315047,13.0950415,2.9963306,0.3705989,0.6294011
5.2974038,11.5612421,13.1352124,2.9887518,0.3599192,0.6400808
5.3473793,11.5912866,13.1751648,2.9772374,0.3492395,0.6507605
5.3973548,11.6216417,13.2148927,2.9617577,0.3385598,0.6614402
5.4473303,11.6523108,13.2543901,2.9422798,0.3278800,0.6721200
5.4973058,11.6832973,13.2936509,2.9224341,0.3172003,0.6827997
5.5472813,11.7145535,13.3326058,2.9024185,0.3084192,0.6915808
5.5972568,11.7461310,13.3713104,2.8822137,0.3012698,0.6987302
5.6472323,11.7780326,13.4097586,2.8617998,0.2941204,0.7058796
5.6972078,11.8102608,13.4479429,2.8411566,0.2869710,0.7130290
5.7471833,11.8428176,13.4858561,2.8202649,0.2798216,0.7201784
5.7971588,11.8757053,13.5234908,2.7991043,0.2726721,0.7273279
5.8471343,11.9089260,13.5608395,2.7776524,0.2655227,0.7344773
5.8971098,11.9424820,13.5978951,2.7558852,0.2583733,0.7416267
5.9470853,11.9763755,13.6346501,2.7337758,0.2512239,0.7487761
5.9970609,12.0106086,13.6710971,2.7113284,0.2440744,0.7559256
6.0470364,12.0451333,13.7071765,2.6885487,0.2384716,0.7615284
6.0970119,12.0799981,13.7429279,2.6654407,0.2344416,0.7655584
6.1469874,12.1152110,13.7783470,2.6420067,0.2304115,0.7695885
6.1969629,12.1507757,13.8134244,2.6182475,0.2263815,0.7736185
6.2469384,12.1866962,13.8481511,2.5941288,0.2223515,0.7776485
6.2969139,12.2229759,13.8825179,2.5696095,0.2183214,0.7816786
6.3468894,12.2596189,13.9165157,2.5446455,0.2142914,0.7857086
6.3968649,12.2966287,13.9501353,2.5191884,0.2102614,0.7897386
6.4468404,12.3340091,13.9833675,2.4931834,0.2062313,0.7937687
6.4968159,12.3717639,14.0162033,2.4666444,0.2022013,0.7977987
6.5467914,12.4097624,14.0485196,2.4395972,0.2000000,0.8000000
6.5967669,12.4481157,14.0803968,2.4120656,0.2000000,0.8000000
6.6467424,12.4868546,14.1118408,2.3840709,0.2000000,0.8000000
6.6967180,12.5259848,14.1428355,2.3556338,0.2000000,0.8000000
6.7466935,12.5655117,14.1733649,2.3266979,0.2000000,0.8000000
6.7966690,12.6054407,14.2034130,2.2971857,0.2000000,0.8000000
6.8466445,12.6457775,14.2329637,2.2670108,0.2000000,0.8000000
6.8966200,12.6865275,14.2620009,2.2360779,0.2000000,0.8000000
6.9465955,12.7276962,14.2905087,2.2044349,0.2000000,0.8000000
6.9965710,12.7692891,14.3184709,2.1723833,0.2000000,0.8000000
7.0465465,12.8110690,14.3457130,2.1402440,0.2018111,0.7981889
7.0965220,12.8531885,14.3722966,2.1083578,0.2062094,0.7937906
7.1464975,12.8957563,14.3982306,2.0770857,0.2106077,0.7893923
7.1964730,12.9387863,14.4234612,2.0466541,0.2150060,0.7849940
7.2464485,12.9822924,14.4479347,2.0170431,0.2194043,0.7805957
7.2964240,13.0262886,14.4715972,1.9882163,0.2238026,0.7761974
7.3463995,13.0707889,14.4943948,1.9601149,0.2282009,0.7717991
7.3963751,13.1158070,14.5162737,1.9326500,0.2325992,0.7674008
7.4463506,13.1613570,14.5371800,1.9057031,0.2369975,0.7630025
7.4963261,13.2074528,14.5570600,1.8791694,0.2413958,0.7586042
7.5463016,13.2537752,14.5757302,1.8529679,0.2465648,0.7534352
7.5962771,13.3003226,14.5931589,1.8270457,0.2530476,0.7469524
7.6462526,13.3473797,14.6094074,1.8013828,0.2595304,0.7404696
7.6962281,13.3949192,14.6244069,1.7759877,0.2660131,0.7339869
7.7462036,13.4429138,14.6380885,1.7508480,0.2724959,0.7275041
7.7961791,13.4913363,14.6503837,1.7259116,0.2789787,0.7210213
7.8461546,13.5401593,14.6612234,1.7010702,0.2854615,0.7145385
7.8961301,13.5893557,14.6705391,1.6761965,0.2919442,0.7080558
7.9461056,13.6388980,14.6782618,1.6511266,0.2984270,0.7015730
7.9960811,13.6887590,14.6843229,1.6257395,0.3049098,0.6950902
8.0460566,13.7387964,14.6886455,1.6001111,0.3179074,0.6820926
8.0960321,13.7884983,14.6911527,1.5744396,0.3442690,0.6557310
8.1460077,13.8383400,14.6918170,1.5490200,0.3706306,0.6293694
8.1959832,13.8882170,14.6905496,1.5242008,0.3969922,0.6030078
8.2459587,13.9380250,14.6872616,1.5003822,0.4233538,0.5766462
8.2959342,13.9876598,14.6818640,1.4778908,0.4497154,0.5502846
8.3459097,14.0370170,14.6742680,1.4571031,0.4760770,0.5239230
8.3958852,14.0859922,14.6643846,1.4385240,0.5024386,0.4975614
8.4458607,14.1344812,14.6521250,1.4235213,0.5288002,0.4711998
8.4958362,14.1823797,14.6374001,1.4124868,0.5551618,0.4448382
8.5458117,14.2295833,14.6201211,1.4050148,0.5804219,0.4195781
8.5957872,14.2759744,14.6002136,1.3989497,0.6029281,0.3970719
8.6457627,14.3213798,14.5777234,1.3923634,0.6254344,0.3745656
8.6957382,14.3655838,14.5527738,1.3827586,0.6479407,0.3520593
8.7457137,14.4083663,14.5254911,1.3687456,0.6704470,0.3295530
8.7956892,14.4495071,14.4960011,1.3498176,0.6929533,0.3070467
8.8456648,14.4887863,14.4644299,1.3273403,0.7154596,0.2845404
8.8956403,14.5259836,14.4309036,1.3028498,0.7379659,0.2620341
8.9456158,14.5608791,14.3955482,1.2783722,0.7604722,0.2395278
8.9955913,14.5932526,14.3584898,1.2582963,0.7829784,0.2170216
9.0455668,14.6228841,14.3198544,1.2432185,0.8000000,0.2000000
9.0955423,14.6499129,14.2791844,1.2358419,0.8000000,0.2000000
9.1455178,14.6751520,14.2344818,1.2364041,0.8000000,0.2000000
9.1954933,14.6968723,14.1884774,1.2442360,0.8000000,0.2000000
9.2454688,14.7151870,14.1413954,1.2559625,0.8000000,0.2000000
9.2954443,14.7302090,14.0934600,1.2716809,0.8000000,0.2000000
9.3454198,14.7420514,14.0448955,1.2889892,0.8000000,0.2000000
9.3953953,14.7508272,13.9959260,1.3071928,0.8000000,0.2000000
9.4453708,14.7566495,13.9467758,1.3255419,0.8000000,0.2000000
9.4953463,14.7596313,13.8976690,1.3432300,0.8000000,0.2000000
9.5453219,14.7598856,13.8488300,1.3597806,0.7982799,0.2017201
9.5952974,14.7574246,13.7991505,1.3756172,0.7897508,0.2102492
9.6452729,14.7521298,13.7485303,1.3914123,0.7812218,0.2187782
9.6952484,14.7442011,13.6986410,1.4080059,0.7726927,0.2273073
9.7452239,14.7338051,13.6495087,1.4263930,0.7641636,0.2358364
9.7951994,14.7211081,13.6011599,1.4473301,0.7556346,0.2443654
9.8451749,14.7062765,13.5536206,1.4707674,0.7471055,0.2528945
9.8951504,14.6894766,13.5069173,1.4965531,0.7385765,0.2614235
9.9451259,14.6708749,13.4610761,1.5244846,0.7300474,0.2699526
9.9951014,14.6506377,13.4161232,1.5542767,0.7215184,0.2784816
10.0450769,14.6288460,13.3719188,1.5856334,0.7135662,0.2864338
10.0950524,14.6054791,13.3282017,1.6184717,0.7086498,0.2913502
10.1450279,14.5808219,13.2853032,1.6528106,0.7037335,0.2962665
10.1950034,14.5549493,13.2431137,1.6887662,0.6988171,0.3011829
10.2449790,14.5279363,13.2015238,1.7265844,0.6939008,0.3060992
10.2949545,14.4998576,13.1604240,1.7665577,0.6889844,0.3110156
10.3449300,14.4707882,13.1197047,1.8087868,0.6840681,0.3159319
10.3949055,14.4408029,13.0792564,1.8532289,0.6791517,0.3208483
10.4448810,14.4099767,13.0389696,1.8996403,0.6742354,0.3257646
10.4948565,14.3788483,12.9993192,1.9474354,0.6693190,0.3306810
10.5448320,14.3485881,12.9615498,1.9959141,0.6638821,0.3361179
10.5948075,14.3177590,12.9237211,2.0442800,0.6545405,0.3454595
10.6447830,14.2864055,12.8858079,2.0918143,0.6451990,0.3548010
10.6947585,14.2545719,12.8477849,2.1379790,0.6358574,0.3641426
10.7447340,14.2223025,12.8096267,2.1825901,0.6265159,0.3734841
10.7947095,14.1896418,12.7713082,2.2256129,0.6171744,0.3828256
10.8446850,14.1566340,12.7328040,2.2671612,0.6078328,0.3921672
10.8946605,14.1233236,12.6940888,2.3073358,0.5984913,0.4015087
10.9446361,14.0897549,12.6551374,2.3462268,0.5891497,0.4108503
10.9946116,14.0568981,12.6169998,2.3839148,0.5798082,0.4201918
11.0445871,14.0245472,12.5793638,2.4059452,0.5702197,0.4297803
11.0945626,13.9921328,12.5414935,2.4113768,0.5576135,0.4423865
11.1445381,13.9597269,12.5033974,2.4004817,0.5450072,0.4549928
11.1945136,13.9274015,12.4650834,2.3735253,0.5324010,0.4675990
11.2444891,13.8952287,12.4265600,2.3307670,0.5197947,0.4802053
11.2944646,13.8632804,12.3878354,2.2869902,0.5071885,0.4928115
11.3444401,13.8316287,12.3489177,2.2434574,0.4945822,0.5054178
11.3944156,13.8003457,12.3098153,2.2002221,0.4819760,0.5180240
11.4443911,13.7695033,12.2705363,2.1573442,0.4693697,0.5306303
11.4943666,13.7388026,12.2306010,2.1148757,0.4567634,0.5432366
11.5443421,13.7082899,12.1899454,2.0728568,0.4441215,0.5558785
11.5943176,13.6784346,12.1490807,2.0313095,0.4304541,0.5695459
11.6442932,13.6492896,12.1079819,1.9902225,0.4167868,0.5832132
11.6942687,13.6209080,12.0666243,1.9495504,0.4031194,0.5968806
11.7442442,13.5933425,12.0249832,1.9092198,0.3894520,0.6105480
11.7942197,13.5666462,11.9830337,1.8691200,0.3757846,0.6242154
11.8441952,13.5408719,11.9407509,1.8290935,0.3621173,0.6378827
11.8941707,13.5160726,11.8981102,1.7893140,0.3484499,0.6515501
11.9441462,13.4923011,11.8550866,1.7502136,0.3347825,0.6652175
11.9941217,13.4693173,11.8110722,1.7122780,0.3211151,0.6788849
12.0440972,13.4473609,11.7662392,1.6760500,0.3074478,0.6925522
12.0940727,13.4267362,11.7209030,1.6421275,0.2972353,0.7027647
12.1440482,13.4075564,11.6750217,1.6107609,0.2870520,0.7129480
12.1940237,13.3899344,11.6285533,1.5818823,0.2768688,0.7231312
12.2439992,13.3739830,11.5814558,1.5552349,0.2666856,0.7333144
12.2939747,13.3598154,11.5336873,1.5302246,0.2565023,0.7434977
12.3439503,13.3475443,11.4852058,1.5063353,0.2463191,0.7536809
12.3939258,13.3372828,11.4359695,1.4825981,0.2361359,0.7638641
12.4439013,13.3291439,11.3859362,1.4582463,0.2259527,0.7740473
12.4938768,13.3234499,11.3372487,1.4328547,0.2157694,0.7842306
12.5438523,13.3199643,11.2880492,1.4065451,0.2055862,0.7944138
12.5938278,13.3188318,11.2384614,1.3794887,0.2045931,0.7954069
12.6438033,13.3202067,11.1886790,1.3524705,0.2040879,0.7959121
12.6937788,13.3242431,11.1388953,1.3262922,0.2035828,0.7964172
12.7437543,13.3310955,11.0893039,1.3017276,0.2030776,0.7969224
12.7937298,13.3409180,11.0400983,1.2795054,0.2025725,0.7974275
12.8437053,13.3538650,10.9914719,1.2623584,0.2020673,0.7979327
12.8936808,13.3700908,10.9436182,1.2500601,0.2015622,0.7984378
12.9436563,13.3897496,10.8967308,1.2459297,0.2010570,0.7989430
12.9936318,13.4117776,10.8531309,1.2503624,0.2005518,0.7994482
13.0436074,13.4367262,10.8110076,1.2628903,0.2000467,0.7999533
13.0935829,13.4645341,10.7702093,1.2805627,0.2083437,0.7916563
13.1435584,13.4950047,10.7308770,1.3030143,0.2175373,0.7824627
13.1935339,13.5279410,10.6931520,1.3259933,0.2267309,0.7732691
13.2435094,13.5631464,10.6571753,1.3478250,0.2359245,0.7640755
13.2934849,13.6004239,10.6230881,1.3672934,0.2451180,0.7548820
13.3434604,13.6395767,10.5910317,1.3815212,0.2543116,0.7456884
13.3934359,13.6804082,10.5611470,1.3908383,0.2635052,0.7364948
13.4434114,13.7227214,10.5335754,1.3958337,0.2726988,0.7273012
13.4933869,13.7663687,10.5084310,1.3997326,0.2818923,0.7181077
13.5433624,13.8113027,10.4857402,1.4042255,0.2910859,0.7089141
13.5933379,13.8572335,10.4655430,1.4127757,0.3125329,0.6874671
13.6433134,13.9040412,10.4477617,1.4257422,0.3358834,0.6641166
13.6932889,13.9516059,10.4323185,1.4433248,0.3592339,0.6407661
13.7432645,13.9998078,10.4191359,1.4631992,0.3825844,0.6174156
13.7932400,14.0485269,10.4081360,1.4847417,0.4059349,0.5940651
13.8432155,14.0976435,10.3992412,1.5075353,0.4292854,0.5707146
13.8931910,14.1470375,10.3923738,1.5312253,0.4526359,0.5473641
13.9431665,14.1965892,10.3874562,1.5554894,0.4759863,0.5240137
13.9931420,14.2461786,10.3844105,1.5798864,0.4993368,0.5006632
14.0431175,14.2963350,10.3831551,1.6040252,0.5226873,0.4773127
14.0930930,14.3467340,10.3836839,1.6276414,0.5383072,0.4616928
14.1430685,14.3969455,10.3859513,1.6506154,0.5522705,0.4477295
14.1930440,14.4469357,10.3898949,1.6729427,0.5662338,0.4337662
14.2430195,14.4966711,10.3954521,1.6948509,0.5801971,0.4198029
14.2929950,14.5461179,10.4025606,1.7165906,0.5941604,0.4058396
14.3429705,14.5952426,10.4111579,1.7383236,0.6081236,0.3918764
14.3929460,14.6440115,10.4211815,1.7601428,0.6220869,0.3779131
14.4429216,14.6923909,10.4325688,1.7820902,0.6360502,0.3639498
14.4928971,14.7403472,10.4452576,1.8042178,0.6500135,0.3499865
14.5428726,14.7880488,10.4592473,1.8267316,0.6639768,0.3360232
14.5928481,14.8359221,10.4746419,1.8498402,0.6739713,0.3260287
14.6428236,14.8833072,10.4911889,1.8737548,0.6828561,0.3171439
14.6927991,14.9302140,10.5088214,1.8986900,0.6917410,0.3082590
14.7427746,14.9766525,10.5274725,1.9248173,0.7006259,0.2993741
14.7927501,15.0226324,10.5470754,1.9521322,0.7095107,0.2904893
14.8427256,15.0681636,10.5675633,1.9806144,0.7183956,0.2816044
14.8927011,15.1132560,10.5888693,2.0102345,0.7272805,0.2727195
14.9426766,15.1579195,10.6109265,2.0409574,0.7361653,0.2638347
14.9926521,15.2021638,10.6336680,2.0727358,0.7450502,0.2549498
15.0426276,15.2460182,10.6570376,2.1052625,0.7539351,0.2460649
15.0926031,15.2900100,10.6812649,2.1382658,0.7594714,0.2405286
15.1425787,15.3336125,10.7060287,2.1715056,0.7638281,0.2361719
15.1925542,15.3768453,10.7312992,2.2047699,0.7681849,0.2318151
15.2425297,15.4197286,10.7570467,2.2378802,0.7725416,0.2274584
15.2925052,15.4622821,10.7832415,2.2709384,0.7768983,0.2231017
15.3424807,15.5045257,10.8098538,2.3040290,0.7812551,0.2187449
15.3924562,15.5464795,10.8368538,2.3372205,0.7856118,0.2143882
15.4424317,15.5881632,10.8642119,2.3705673,0.7899685,0.2100315
15.4924072,15.6295968,10.8918982,2.4041105,0.7943253,0.2056747
15.5423827,15.6708002,10.9198831,2.4375645,0.7986820,0.2013180
15.5923582,15.7119896,10.9482803,2.4706308,0.8000000,0.2000000
15.6423337,15.7529724,10.9769561,2.5030124,0.8000000,0.2000000
15.6923092,15.7937384,11.0059084,2.5344154,0.8000000,0.2000000
15.7422847,15.8342850,11.0351403,2.5645501,0.8000000,0.2000000
15.7922602,15.8746096,11.0646550,2.5934480,0.8000000,0.2000000
15.8422357,15.9147096,11.0944556,2.6211493,0.8000000,0.2000000
15.8922113,15.9545823,11.1245451,2.6476914,0.8000000,0.2000000
15.9421868,15.9942253,11.1549267,2.6731091,0.8000000,0.2000000
15.9921623,16.0336358,11.1856034,2.6974348,0.8000000,0.2000000
16.0421378,16.0728112,11.2165784,2.7206497,0.8000000,0.2000000
16.0921133,16.1117733,11.2478752,2.7427264,0.7963357,0.2036643
16.1420888,16.1504909,11.2794788,2.7636314,0.7907452,0.2092548
16.1920643,16.1889542,11.3113917,2.7833254,0.7851548,0.2148452
16.2420398,16.2271547,11.3436178,2.8017630,0.7795643,0.2204357
16.2920153,16.2650842,11.3761609,2.8189414,0.7739738,0.2260262
16.3419908,16.3027343,11.4090247,2.8348586,0.7683834,0.2316166
16.3919663,16.3400966,11.4422131,2.8462607,0.7627929,0.2372071
16.4419418,16.3771628,11.4757299,2.8507976,0.7572025,0.2427975
16.4919173,16.4139245,11.5095789,2.8487289,0.7516120,0.2483880
16.5418928,16.4503733,11.5437638,2.8403159,0.7460216,0.2539784
16.5918684,16.4865377,11.5783240,2.8258223,0.7376466,0.2623534
16.6418439,16.5223716,11.6132279,2.8087638,0.7275170,0.2724830
16.6918194,16.5578607,11.6484732,2.7917533,0.7173873,0.2826127
16.7417949,16.5929932,11.6840601,2.7747953,0.7072577,0.2927423
16.7917704,16.6277577,11.7199890,2.7578943,0.6971281,0.3028719
16.8417459,16.6621424,11.7562601,2.7410546,0.6869985,0.3130015
16.8917214,16.6961359,11.7928737,2.7242801,0.6768689,0.3231311
16.9416969,16.7297265,11.8298301,2.7075740,0.6667393,0.3332607
16.9916724,16.7629025,11.8671296,2.6909314,0.6566096,0.3433904
17.0416479,16.7956525,11.9047725,2.6743476,0.6464800,0.3535200
17.0916234,16.8281251,11.9429495,2.6578191,0.6345269,0.3654731
17.1415989,16.8601548,11.9814867,2.6413441,0.6212062,0.3787938
17.1915744,16.8917161,12.0203674,2.6249218,0.6078854,0.3921146
17.2415499,16.9227958,12.0595895,2.6085612,0.5945647,0.4054353
17.2915255,16.9533809,12.0991510,2.5922718,0.5812439,0.4187561
17.3415010,16.9834582,12.1390499,2.5760626,0.5679231,0.4320769
17.3914765,17.0130147,12.1792841,2.5599423,0.5546024,0.4453976
17.4414520,17.0420373,12.2198516,2.5439191,0.5412816,0.4587184
17.4914275,17.0705130,12.2607503,2.5280052,0.5279609,0.4720391
17.5414030,17.0984285,12.3019782,2.5122140,0.5146401,0.4853599
17.5913785,17.1260071,12.3438975,2.4965597,0.5010063,0.4989937
17.6413540,17.1529933,12.3861547,2.4810576,0.4870943,0.5129057
17.6913295,17.1793679,12.4287390,2.4657241,0.4731822,0.5268178
17.7413050,17.2051168,12.4716476,2.4505719,0.4592702,0.5407298
17.7912805,17.2302258,12.5148775,2.4356132,0.4453581,0.5546419
17.8412560,17.2546810,12.5584259,2.4208592,0.4314461,0.5685539
17.8912315,17.2784682,12.6022898,2.4063200,0.4175340,0.5824660
17.9412070,17.3015732,12.6464663,2.3920092,0.4036220,0.5963780
17.9911826,17.3239821,12.6909525,2.3779771,0.3897099,0.6102901
18.0411581,17.3456998,12.7357858,2.3642849,0.3757979,0.6242021
18.0911336,17.3668285,12.7812247,2.3510066,0.3627984,0.6372016
18.1411091,17.3872040,12.8269659,2.3382328,0.3507586,0.6492414
18.1910846,17.4068086,12.8730033,2.3260708,0.3387189,0.6612811
18.2410601,17.4256248,12.9193311,2.3146176,0.3266791,0.6733209
18.2910356,17.4436352,12.9659433,2.3039979,0.3146394,0.6853606
18.3410111,17.4608221,13.0128341,2.2943857,0.3025996,0.6974004
18.3909866,17.4771682,13.0599975,2.2860700,0.2905599,0.7094401
18.4409621,17.4926559,13.1074277,2.2794354,0.2785201,0.7214799
18.4909376,17.5072676,13.1551186,2.2743291,0.2664804,0.7335196
18.5409131,17.5209729,13.2030173,2.2707755,0.2544406,0.7455594
18.5908886,17.5337514,13.2510710,2.2686280,0.2456447,0.7543553
18.6408641,17.5456301,13.2993740,2.2675973,0.2408884,0.7591116
18.6908397,17.5566092,13.3479260,2.2672737,0.2361321,0.7638679
18.7408152,17.5666889,13.3967268,2.2677553,0.2313758,0.7686242
18.7907907,17.5758691,13.4457762,2.2689219,0.2266194,0.7733806
18.8407662,17.5841500,13.4950741,2.2707602,0.2218631,0.7781369
18.8907417,17.5915316,13.5446201,2.2732660,0.2171068,0.7828932
18.9407172,17.5980141,13.5944142,2.2764365,0.2123505,0.7876495
18.9906927,17.6035976,13.6444561,2.2808207,0.2075941,0.7924059
19.0406682,17.6082393,13.6942262,2.2871720,0.2028378,0.7971622
19.0906437,17.6119897,13.7437332,2.2960089,0.2035442,0.7964558
19.1406192,17.6149376,13.7934287,2.3077116,0.2123310,0.7876690
19.1905947,17.6171231,13.8432799,2.3225667,0.2211177,0.7788823
19.2405702,17.6185865,13.8932542,2.3402412,0.2299044,0.7700956
19.2905457,17.6193681,13.9433192,2.3601441,0.2386911,0.7613089
19.3405212,17.6195079,13.9934421,2.3818789,0.2474779,0.7525221
19.3904968,17.6190461,14.0435905,2.4051546,0.2562646,0.7437354
19.4404723,17.6180231,14.0937316,2.4297474,0.2650513,0.7349487
19.4904478,17.6164789,14.1438331,2.4555517,0.2738380,0.7261620
19.5404233,17.6144463,14.1940345,2.4788217,0.2826248,0.7173752
19.5903988,17.6119672,14.2443156,2.4897577,0.2927738,0.7072262
19.6403743,17.6091007,14.2944998,2.4874752,0.3053305,0.6946695
19.6903498,17.6058998,14.3445825,2.4711605,0.3178873,0.6821127
19.7403253,17.6024177,14.3945590,2.4399920,0.3304440,0.6695560
19.7903008,17.5987074,14.4444245,2.3968784,0.3430008,0.6569992
19.8402763,17.5948222,14.4941746,2.3508618,0.3555575,0.6444425
19.8902518,17.5908150,14.5438043,2.3021455,0.3681143,0.6318857
19.9402273,17.5867392,14.5933092,2.2511730,0.3806710,0.6193290
19.9902028,17.5826476,14.6426844,2.1986814,0.3932278,0.6067722
20.0401783,17.5785397,14.6926113,2.1454932,0.4057845,0.5942155
20.0901539,17.5745248,14.7429516,2.0924841,0.4200089,0.5799911
20.1401294,17.5707799,14.7931596,2.0405617,0.4377880,0.5622120
20.1901049,17.5674374,14.8432425,1.9904165,0.4555670,0.5444330
20.2400804,17.5646297,14.8932072,1.9424704,0.4733460,0.5266540
20.2900559,17.5624891,14.9430610,1.8970885,0.4911251,0.5088749
20.3400314,17.5611480,14.9928109,1.8546177,0.5089041,0.4910959
20.3900069,17.5607389,15.0424641,1.8154135,0.5266832,0.4733168
20.4399824,17.5613940,15.0920275,1.7793182,0.5444622,0.4555378
20.4899579,17.5632458,15.1415084,1.7460421,0.5622412,0.4377588
20.5399334,17.5664364,15.1911000,1.7152412,0.5800203,0.4199797
20.5899089,17.5710605,15.2406115,1.6865041,0.5984456,0.4015544
20.6398844,17.5771995,15.2899643,1.6593268,0.6185552,0.3814448
20.6898599,17.5849366,15.3391131,1.6336191,0.6386648,0.3613352
20.7398354,17.5943549,15.3880129,1.6092888,0.6587743,0.3412257
20.7898110,17.6055375,15.4366185,1.5861051,0.6788839,0.3211161
20.8397865,17.6185677,15.4848848,1.5637129,0.6989935,0.3010065
20.8897620,17.6335284,15.5327664,1.5417649,0.7191031,0.2808969
20.9397375,17.6505030,15.5802184,1.5196780,0.7392127,0.2607873
20.9897130,17.6694996,15.6270219,1.4966862,0.7593222,0.2406778
21.0396885,17.6902860,15.6725386,1.4722914,0.7794318,0.2205682
21.0896640,17.7131346,15.7172894,1.4462398,0.7949313,0.2050687
21.1396395,17.7380293,15.7610445,1.4185548,0.7954482,0.2045518
21.1896150,17.7649540,15.8035740,1.3897355,0.7959650,0.2040350
21.2395905,17.7938924,15.8446482,1.3607801,0.7964819,0.2035181
21.2895660,17.8248285,15.8840371,1.3329581,0.7969988,0.2030012
21.3395415,17.8577462,15.9215111,1.3085552,0.7975156,0.2024844
21.3895170,17.8926292,15.9568402,1.2898729,0.7980325,0.2019675
21.4394925,17.9294614,15.9897947,1.2768199,0.7985493,0.2014507
21.4894681,17.9683178,16.0202139,1.2723610,0.7990662,0.2009338
21.5394436,18.0092243,16.0480183,1.2765476,0.7995830,0.2004170
21.5894191,18.0518521,16.0731212,1.2880086,0.7980851,0.2019149
21.6393946,18.0960322,16.0955903,1.3049078,0.7881774,0.2118226
21.6893701,18.1415955,16.1154935,1.3274610,0.7782697,0.2217303
21.7393456,18.1883729,16.1328983,1.3524682,0.7683621,0.2316379
21.7893211,18.2361954,16.1478725,1.3791296,0.7584544,0.2415456
21.8392966,18.2848940,16.1604837,1.4068349,0.7485467,0.2514533
21.8892721,18.3342996,16.1707998,1.4350600,0.7386391,0.2613609
21.9392476,18.3842432,16.1788884,1.4629965,0.7287314,0.2712686
21.9892231,18.4340133,16.1847633,1.4897981,0.7188238,0.2811762
22.0391986,18.4836028,16.1885422,1.5148510,0.7089161,0.2910839
22.0891741,18.5333592,16.1903071,1.5377142,0.6980203,0.3019797
22.1391496,18.5832079,16.1900802,1.5580915,0.6815801,0.3184199
22.1891252,18.6330741,16.1878839,1.5761425,0.6651399,0.3348601
22.2391007,18.6828833,16.1837404,1.5922006,0.6486996,0.3513004
22.2890762,18.7325607,16.1776720,1.6064774,0.6322594,0.3677406
22.3390517,18.7820316,16.1697012,1.6191038,0.6158192,0.3841808
22.3890272,18.8312214,16.1598501,1.6301448,0.5993790,0.4006210
22.4390027,18.8800554,16.1481411,1.6404599,0.5829388,0.4170612
22.4889782,18.9281031,16.1347054,1.6511894,0.5664985,0.4335015
22.5389537,18.9754333,16.1195996,1.6632090,0.5500583,0.4499417
22.5889292,19.0222762,16.1028313,1.6772479,0.5336829,0.4663171
22.6389047,19.0686080,16.0844748,1.6939446,0.5178360,0.4821640
22.6888802,19.1144048,16.0646045,1.7130306,0.5019890,0.4980110
22.7388557,19.1596430,16.0432948,1.7338762,0.4861421,0.5138579
22.7888312,19.2042989,16.0206200,1.7560585,0.4702951,0.5297049
22.8388067,19.2483486,15.9966544,1.7792608,0.4544482,0.5455518
22.8887822,19.2917685,15.9714725,1.8032308,0.4386013,0.5613987
22.9387578,19.3345349,15.9451486,1.8275579,0.4227543,0.5772457
22.9887333,19.3765153,15.9178290,1.8516898,0.4069074,0.5930926
23.0387088,19.4176911,15.8895764,1.8751659,0.3910604,0.6089396
23.0886843,19.4581705,15.8603414,1.8976044,0.3754984,0.6245016
23.1386598,19.4979438,15.8301482,1.9186912,0.3638892,0.6361108
23.1886353,19.5370012,15.7990210,1.9383729,0.3522799,0.6477201
23.2386108,19.5753330,15.7669839,1.9568196,0.3406707,0.6593293
23.2885863,19.6129297,15.7340610,1.9741772,0.3290615,0.6709385
23.3385618,19.6497815,15.7002766,1.9905696,0.3174523,0.6825477
23.3885373,19.6858788,15.6656547,2.0061006,0.3058431,0.6941569
23.4385128,19.7212119,15.6302196,2.0209289,0.2942339,0.7057661
23.4884883,19.7557414,15.5940273,2.0353376,0.2826246,0.7173754
23.5384638,19.7894321,15.5571419,2.0495695,0.2710154,0.7289846
23.5884393,19.8223445,15.5195323,2.0638333,0.2595523,0.7404477
23.6384149,19.8544772,15.4812323,2.0783081,0.2537392,0.7462608
23.6883904,19.8858285,15.4422755,2.0930747,0.2479261,0.7520739
23.7383659,19.9163971,15.4026956,2.1080520,0.2421131,0.7578869
23.7883414,19.9461813,15.3625262,2.1231655,0.2363000,0.7637000
23.8383169,19.9751796,15.3218010,2.1383462,0.2304869,0.7695131
23.8882924,20.0033907,15.2805536,2.1535290,0.2246738,0.7753262
23.9382679,20.0308128,15.2388176,2.1686718,0.2188607,0.7811393
23.9882434,20.0574658,15.1965924,2.1838671,0.2130476,0.7869524
24.0382189,20.0834536,15.1537339,2.1992213,0.2072345,0.7927655
24.0881944,20.1086607,15.1104664,2.2148523,0.2014214,0.7985786
24.1381699,20.1331044,15.0668088,2.2308889,0.2011941,0.7988059
24.1881454,20.1568021,15.0227802,2.2474490,0.2010623,0.7989377
24.2381209,20.1797713,14.9783997,2.2645274,0.2009305,0.7990695
24.2880964,20.2020293,14.9336864,2.2821147,0.2007987,0.7992013
24.3380720,20.2235936,14.8886593,2.3001986,0.2006668,0.7993332
24.3880475,20.2444816,14.8433376,2.3187650,0.2005350,0.7994650
24.4380230,20.2647106,14.7977401,2.3377946,0.2004032,0.7995968
24.4879985,20.2842992,14.7518834,2.3570380,0.2002714,0.7997286
24.5379740,20.3033294,14.7056184,2.3762618,0.2001396,0.7998604
24.5879495,20.3217349,14.6591216,2.3952473,0.2000078,0.7999922
24.6379250,20.3395201,14.6124006,2.4137897,0.2097306,0.7902694
24.6879005,20.3566893,14.5654630,2.4317015,0.2200694,0.7799306
24.7378760,20.3732467,14.5183164,2.4490367,0.2304082,0.7695918
24.7878515,20.3891968,14.4709686,2.4658448,0.2407470,0.7592530
24.8378270,20.4045438,14.4234270,2.4821711,0.2510858,0.7489142
24.8878025,20.4192920,14.3756994,2.4980571,0.2614246,0.7385754
24.9377780,20.4334458,14.3277934,2.5135406,0.2717634,0.7282366
24.9877535,20.4470095,14.2797165,2.5285518,0.2821022,0.7178978
25.0377291,20.4600012,14.2314203,2.5430074,0.2924410,0.7075590
25.0877046,20.4724043,14.1829659,2.5568191,0.3027798,0.6972202
25.1376801,20.4842144,14.1343678,2.5698939,0.3163226,0.6836774
25.1876556,20.4954286,14.0856360,2.5821344,0.3302247,0.6697753
25.2376311,20.5060437,14.0367806,2.5935427,0.3441269,0.6558731
25.2876066,20.5160566,13.9878116,2.6041271,0.3580290,0.6419710
25.3375821,20.5254642,13.9387391,2.6138935,0.3719312,0.6280688
25.3875576,20.5342635,13.8895730,2.6228456,0.3858333,0.6141667
25.4375331,20.5424514,13.8403233,2.6309847,0.3997355,0.6002645
25.4875086,20.5500247,13.7910003,2.6383750,0.4136376,0.5863624
25.5374841,20.5570119,13.7413818,2.6450910,0.4275398,0.5724602
25.5874596,20.5633802,13.6916687,2.6512055,0.4414419,0.5585581
25.6374351,20.5691233,13.6419124,2.6567903,0.4555947,0.5444053
25.6874106,20.5742413,13.5921235,2.6611324,0.4697893,0.5302107
25.7373862,20.5787339,13.5423125,2.6623933,0.4839839,0.5160161
25.7873617,20.5826012,13.4924900,2.6605425,0.4981785,0.5018215
25.8373372,20.5858429,13.4426664,2.6555522,0.5123731,0.4876269
25.8873127,20.5884591,13.3928523,2.6473963,0.5265678,0.4734322
25.9372882,20.5904496,13.3430582,2.6368550,0.5407624,0.4592376
25.9872637,20.5918143,13.2932947,2.6259237,0.5549570,0.4450430
26.0372392,20.5925565,13.2430954,2.6147931,0.5691516,0.4308484
26.0872147,20.5926548,13.1928518,2.6036697,0.5833462,0.4166538
26.1371902,20.5921002,13.1426758,2.5927801,0.5972435,0.4027565
26.1871657,20.5908859,13.0925805,2.5823556,0.6110733,0.3889267
26.2371412,20.5890053,13.0425789,2.5725081,0.6249032,0.3750968
26.2871167,20.5864516,12.9926840,2.5633839,0.6387330,0.3612670
26.3370922,20.5832180,12.9429089,2.5551957,0.6525629,0.3474371
26.3870677,20.5792977,12.8932665,2.5484740,0.6663927,0.3336073
26.4370433,20.5746840,12.8437699,2.5431245,0.6802226,0.3197774
26.4870188,20.5693701,12.7944321,2.5393631,0.6940524,0.3059476
26.5369943,20.5632639,12.7445923,2.5372242,0.7078823,0.2921177
26.5869698,20.5564307,12.6948746,2.5365972,0.7217121,0.2782879
26.6369453,20.5488861,12.6453382,2.5370023,0.7306356,0.2693644
26.6869208,20.5406390,12.5959846,2.5385390,0.7381192,0.2618808
26.7368963,20.5316983,12.5468155,2.5409483,0.7456027,0.2543973
26.7868718,20.5220730,12.4978327,2.5440934,0.7530863,0.2469137
26.8368473,20.5117722,12.4490377,2.5478902,0.7605698,0.2394302
26.8868228,20.5008046,12.4004323,2.5522781,0.7680534,0.2319466
26.9367983,20.4891794,12.3520182,2.5572233,0.7755369,0.2244631
26.9867738,20.4768943,12.3037545,2.5627635,0.7830205,0.2169795
27.0367493,20.4639079,12.2554637,2.5689335,0.7905041,0.2094959
27.0867248,20.4502868,12.2073691,2.5757645,0.7979876,0.2020124
27.1367004,20.4360429,12.1594702,2.5832853,0.7975493,0.2024507
27.1866759,20.4211879,12.1117668,2.5915094,0.7941972,0.2058028
27.2366514,20.4057336,12.0642586,2.6003847,0.7908451,0.2091549
27.2866269,20.3896918,12.0169453,2.6098664,0.7874930,0.2125070
27.3366024,20.3730744,11.9698265,2.6199156,0.7841408,0.2158592
27.3865779,20.3558930,11.9229021,2.6304974,0.7807887,0.2192113
27.4365534,20.3381595,11.8761716,2.6415261,0.7774366,0.2225634
27.4865289,20.3199091,11.8296938,2.6528578,0.7740845,0.2259155
27.5365044,20.3011578,11.7834810,2.6643593,0.7707324,0.2292676
27.5864799,20.2818834,11.7374624,2.6759078,0.7673803,0.2326197
27.6364554,20.2620914,11.6916393,2.6873893,0.7590885,0.2409115
27.6864309,20.2417870,11.6460132,2.6987525,0.7485678,0.2514322
27.7364064,20.2209756,11.6005851,2.7100148,0.7380471,0.2619529
27.7863819,20.1996627,11.5553565,2.7211918,0.7275264,0.2724736
27.8363575,20.1778537,11.5103285,2.7322973,0.7170057,0.2829943
27.8863330,20.1555538,11.4655026,2.7433438,0.7064850,0.2935150
27.9363085,20.1327685,11.4208798,2.7543538,0.6959644,0.3040356
27.9862840,20.1096264,11.3766937,2.7653527,0.6854437,0.3145563
28.0362595,20.0860649,11.3328026,2.7763632,0.6749230,0.3250770
28.0862350,20.0620424,11.2891151,2.7874063,0.6644023,0.3355977
28.1362105,20.0375650,11.2456322,2.7985007,0.6545167,0.3454833
28.1861860,20.0126390,11.2023550,2.8096518,0.6449775,0.3550225
28.2361615,19.9872705,11.1592845,2.8208591,0.6354384,0.3645616
28.2861370,19.9614655,11.1164216,2.8321220,0.6258992,0.3741008
28.3361125,19.9352304,11.0737674,2.8434393,0.6163600,0.3836400
28.3860880,19.9085711,11.0313229,2.8548094,0.6068208,0.3931792
28.4360635,19.8814940,10.9890891,2.8662232,0.5972817,0.4027183
28.4860390,19.8542303,10.9474081,2.8776711,0.5877425,0.4122575
28.5360146,19.8265899,10.9059701,2.8891442,0.5782033,0.4217967
28.5859901,19.7985557,10.8647415,2.9006340,0.5686641,0.4313359
28.6359656,19.7701332,10.8237230,2.9121327,0.5582671,0.4417329
28.6859411,19.7413277,10.7829153,2.9236399,0.5473101,0.4526899
28.7359166,19.7121446,10.7423192,2.9351559,0.5363531,0.4636469
28.7858921,19.6825892,10.7019354,2.9466808,0.5253961,0.4746039
28.8358676,19.6526668,10.6617647,2.9582140,0.5144392,0.4855608
28.8858431,19.6223829,10.6218076,2.9697552,0.5034822,0.4965178
28.9358186,19.5917462,10.5820696,2.9804208,0.4925252,0.5074748
28.9857941,19.5610207,10.5428780,2.9887796,0.4815682,0.5184318
29.0357696,19.5299566,10.5038987,2.9948300,0.4706112,0.5293888
29.0857451,19.4985601,10.4651325,2.9985706,0.4596542,0.5403458
29.1357206,19.4668375,10.4265802,3.0000000,0.4490853,0.5509147
29.1856961,19.4347951,10.3882426,3.0000000,0.4388177,0.5611823
29.2356717,19.4024392,10.3501205,3.0000000,0.4285501,0.5714499
29.2856472,19.3697761,10.3122147,3.0000000,0.4182824,0.5817176
29.3356227,19.3368121,10.2745260,3.0000000,0.4080148,0.5919852
29.3855982,19.3035534,10.2370551,3.0000000,0.3977472,0.6022528
29.4355737,19.2700123,10.1998096,3.0000000,0.3874795,0.6125205
29.4855492,19.2363701,10.1629800,3.0000000,0.3772119,0.6227881
29.5355247,19.2024544,10.1263676,3.0000000,0.3669443,0.6330557
29.5855002,19.1682708,10.0899726,3.0000000,0.3566766,0.6433234
29.6354757,19.1338248,10.0537954,3.0000000,0.3478727,0.6521273
29.6854512,19.0991219,10.0178360,3.0000000,0.3404146,0.6595854
29.7354267,19.0641677,9.9820947,3.0000000,0.3329564,0.6670436
29.7854022,19.0289677,9.9465718,3.0000000,0.3254982,0.6745018
29.8353777,18.9935274,9.9112674,3.0000000,0.3180400,0.6819600
29.8853532,18.9578525,9.8761818,3.0000000,0.3105818,0.6894182
29.9353288,18.9219483,9.8413152,3.0000000,0.3031236,0.6968764
29.9853043,18.8858847,9.8067292,3.0000000,0.2956655,0.7043345
30.0352798,18.8496025,9.7723630,3.0000000,0.2882073,0.7117927
30.0852553,18.8131056,9.7382175,3.0000000,0.2807491,0.7192509
30.1352308,18.7763983,9.7042938,3.0000000,0.2747854,0.7252146
30.1852063,18.7394844,9.6705929,3.0000000,0.2704473,0.7295527
30.2351818,18.7023683,9.6371160,3.0000000,0.2661092,0.7338908
30.2851573,18.6650539,9.6038643,3.0000000,0.2617711,0.7382289
30.3351328,18.6275453,9.5708388,3.0000000,0.2574330,0.7425670
30.3851083,18.5898467,9.5380407,3.0000000,0.2530950,0.7469050
30.4350838,18.5519622,9.5054710,3.0000000,0.2487569,0.7512431
30.4850593,18.5138331,9.4730778,3.0000000,0.2444188,0.7555812
30.5350348,18.4755214,9.4409108,3.0000000,0.2400807,0.7599193
30.5850103,18.4370347,9.4089725,3.0000000,0.2357426,0.7642574
30.6349858,18.3983766,9.3772620,3.0000000,0.2321851,0.7678149
30.6849614,18.3595509,9.3457782,3.0000000,0.2296333,0.7703667
30.7349369,18.3205612,9.3145203,3.0000000,0.2270815,0.7729185
30.7849124,18.2814112,9.2834874,3.0000000,0.2245297,0.7754703
30.8348879,18.2421048,9.2526785,3.0000000,0.2219779,0.7780221
30.8848634,18.2026455,9.2220927,3.0000000,0.2194261,0.7805739
30.9348389,18.1630370,9.1917291,3.0000000,0.2168743,0.7831257
30.9848144,18.1231764,9.1615054,3.0000000,0.2143225,0.7856775
31.0347899,18.0831631,9.1314896,3.0000000,0.2117707,0.7882293
31.0847654,18.0430128,9.1016834,3.0000000,0.2092189,0.7907811
31.1347409,18.0027303,9.0720799,3.0000000,0.2073739,0.7926261
31.1847164,17.9623203,9.0426725,3.0000000,0.2066117,0.7933883
31.2346919,17.9217875,9.0134542,3.0000000,0.2058495,0.7941505
31.2846674,17.8811365,8.9844183,3.0000000,0.2050872,0.7949128
31.3346429,17.8403723,8.9555581,3.0000000,0.2043250,0.7956750
31.3846185,17.7994993,8.9268668,3.0000000,0.2035628,0.7964372
31.4345940,17.7585225,8.8983375,3.0000000,0.2028006,0.7971994
31.4845695,17.7173897,8.8699243,3.0000000,0.2020383,0.7979617
31.5345450,17.6761566,8.8416543,3.0000000,0.2012761,0.7987239
31.5845205,17.6348352,8.8135239,3.0000000,0.2005139,0.7994861
31.6344960,17.5934312,8.7855248,3.0000000,0.2004480,0.7995520
31.6844715,17.5519503,8.7576488,3.0000000,0.2016587,0.7983413
31.7344470,17.5103980,8.7298877,3.0000000,0.2028694,0.7971306
31.7844225,17.4687801,8.7022332,3.0000000,0.2040802,0.7959198
31.8343980,17.4271023,8.6746773,3.0000000,0.2052909,0.7947091
31.8843735,17.3853701,8.6472117,3.0000000,0.2065016,0.7934984
31.9343490,17.3435893,8.6198281,3.0000000,0.2077124,0.7922876
31.9843245,17.3017332,8.5924977,3.0000000,0.2089231,0.7910769
32.0343000,17.2598352,8.5652322,3.0000000,0.2101339,0.7898661
32.0842756,17.2179027,8.5380271,3.0000000,0.2113446,0.7886554
32.1342511,17.1759401,8.5108756,3.0000000,0.2118018,0.7881982
32.1842266,17.1339516,8.4837709,3.0000000,0.2105890,0.7894110
32.2342021,17.0919414,8.4567062,3.0000000,0.2093762,0.7906238
32.2841776,17.0499138,8.4296748,3.0000000,0.2081634,0.7918366
32.3341531,17.0078731,8.4026699,3.0000000,0.2069506,0.7930494
32.3841286,16.9658235,8.3756848,3.0000000,0.2057378,0.7942622
32.4341041,16.9237692,8.3487127,3.0000000,0.2045250,0.7954750
32.4840796,16.8816935,8.3217344,3.0000000,0.2033122,0.7966878
32.5340551,16.8396165,8.2947596,3.0000000,0.2020995,0.7979005
32.5840306,16.7975402,8.2677881,3.0000000,0.2008867,0.7991133
32.6340061,16.7554649,8.2408187,3.0000000,0.2001023,0.7998977
32.6839816,16.7133912,8.2138502,3.0000000,0.2004829,0.7995171
32.7339571,16.6713194,8.1868814,3.0000000,0.2008635,0.7991365
32.7839327,16.6292498,8.1599109,3.0000000,0.2012441,0.7987559
32.8339082,16.5871830,8.1329376,3.0000000,0.2016247,0.7983753
32.8838837,16.5451193,8.1059602,3.0000000,0.2020053,0.7979947
32.9338592,16.5030590,8.0789776,3.0000000,0.2023858,0.7976142
32.9838347,16.4610005,8.0519871,3.0000000,0.2027664,0.7972336
33.0338102,16.4189456,8.0249901,3.0000000,0.2031470,0.7968530
33.0837857,16.3768946,7.9979866,3.0000000,0.2035276,0.7964724
33.1337612,16.3348473,7.9709768,3.0000000,0.2040048,0.7959952
33.1837367,16.2928036,7.9439608,3.0000000,0.2048111,0.7951889
33.2337122,16.2507636,7.9169386,3.0000000,0.2056174,0.7943826
33.2836877,16.2087271,7.8899104,3.0000000,0.2064238,0.7935762
33.3336632,16.1666940,7.8628763,3.0000000,0.2072301,0.7927699
33.3836387,16.1246644,7.8358363,3.0000000,0.2080364,0.7919636
33.4336142,16.0826381,7.8087905,3.0000000,0.2088427,0.7911573
33.4835898,16.0406173,7.7817406,3.0000000,0.2096491,0.7903509
33.5335653,15.9985998,7.7546852,3.0000000,0.2104554,0.7895446
33.5835408,15.9565855,7.7276243,3.0000000,0.2112617,0.7887383
33.6335163,15.9145743,7.7005581,3.0000000,0.2120645,0.7879355
33.6834918,15.8725662,7.6734867,3.0000000,0.2128518,0.7871482
33.7334673,15.8305611,7.6464101,3.0000000,0.2136390,0.7863610
33.7834428,15.7885590,7.6193285,3.0000000,0.2144262,0.7855738
33.8334183,15.7465598,7.5922420,3.0000000,0.2152134,0.7847866
33.8833938,15.7045634,7.5651507,3.0000000,0.2160006,0.7839994
33.9333693,15.6625699,7.5380547,3.0000000,0.2167878,0.7832122
33.9833448,15.6205807,7.5109550,3.0000000,0.2175751,0.7824249
34.0333203,15.5785941,7.4838508,3.0000000,0.2183623,0.7816377
34.0832958,15.5366102,7.4567423,3.0000000,0.2191495,0.7808505
34.1332713,15.4946290,7.4296294,3.0000000,0.2199403,0.7800597
34.1832469,15.4526503,7.4025123,3.0000000,0.2207529,0.7792471
34.2332224,15.4106740,7.3753912,3.0000000,0.2215654,0.7784346
34.2831979,15.3687003,7.3482660,3.0000000,0.2223780,0.7776220
34.3331734,15.3267289,7.3211369,3.0000000,0.2231905,0.7768095
34.3831489,15.2847598,7.2940041,3.0000000,0.2240031,0.7759969
34.4331244,15.2427930,7.2668675,3.0000000,0.2248156,0.7751844
34.4830999,15.2008291,7.2397278,3.0000000,0.2256282,0.7743718
34.5330754,15.1588674,7.2125847,3.0000000,0.2264407,0.7735593
34.5830509,15.1169079,7.1854381,3.0000000,0.2272533,0.7727467
34.6330264,15.0749503,7.1582882,3.0000000,0.2280388,0.7719612
34.6830019,15.0329948,7.1311352,3.0000000,0.2285837,0.7714163
34.7329774,14.9910413,7.1039790,3.0000000,0.2291286,0.7708714
34.7829529,14.9490896,7.0768199,3.0000000,0.2296735,0.7703265
34.8329284,14.9071398,7.0496579,3.0000000,0.2302183,0.7697817
34.8829040,14.8651918,7.0224931,3.0000000,0.2307632,0.7692368
34.9328795,14.8232455,6.9953257,3.0000000,0.2313081,0.7686919
34.9828550,14.7813008,6.9681556,3.0000000,0.2318530,0.7681470
35.0328305,14.7393578,6.9409831,3.0000000,0.2323979,0.7676021
35.0828060,14.6974163,6.9138081,3.0000000,0.2329428,0.7670572
35.1327815,14.6554764,6.8866309,3.0000000,0.2336126,0.7663874
35.1827570,14.6135379,6.8594516,3.0000000,0.2362817,0.7637183
35.2327325,14.5716008,6.8322701,3.0000000,0.2389508,0.7610492
35.2827080,14.5296650,6.8050867,3.0000000,0.2416199,0.7583801
35.3326835,14.4877305,6.7779014,3.0000000,0.2442889,0.7557111
35.3826590,14.4457973,6.7507143,3.0000000,0.2469580,0.7530420
35.4326345,14.4038652,6.7235255,3.0000000,0.2496271,0.7503729
35.4826100,14.3619336,6.6963348,3.0000000,0.2522962,0.7477038
35.5325855,14.3200031,6.6691426,3.0000000,0.2549653,0.7450347
35.5825611,14.2780735,6.6419490,3.0000000,0.2576344,0.7423656
35.6325366,14.2361449,6.6147541,3.0000000,0.2602895,0.7397105
35.6825121,14.1942172,6.5875581,3.0000000,0.2621230,0.7378770
35.7324876,14.1522903,6.5603610,3.0000000,0.2639566,0.7360434
35.7824631,14.1103642,6.5331629,3.0000000,0.2657902,0.7342098
35.8324386,14.0684387,6.5059640,3.0000000,0.2676238,0.7323762
35.8824141,14.0265139,6.4787642,3.0000000,0.2694574,0.7305426
35.9323896,13.9845897,6.4515638,3.0000000,0.2712910,0.7287090
35.9823651,13.9426649,6.4243621,3.0000000,0.2731246,0.7268754
36.0323406,13.9007407,6.3971599,3.0000000,0.2749582,0.7250418
36.0823161,13.8588168,6.3699574,3.0000000,0.2767918,0.7232082
36.1322916,13.8168933,6.3427546,3.0000000,0.2786253,0.7213747
36.1822671,13.7749701,6.3155516,3.0000000,0.2783549,0.7216451
36.2322426,13.7330471,6.2883486,3.0000000,0.2780301,0.7219699
36.2822182,13.6911242,6.2611455,3.0000000,0.2777053,0.7222947
36.3321937,13.6492015,6.2339426,3.0000000,0.2773805,0.7226195
36.3821692,13.6072788,6.2067399,3.0000000,0.2770557,0.7229443
36.4321447,13.5653560,6.1795375,3.0000000,0.2767309,0.7232691
36.4821202,13.5234319,6.1523347,3.0000000,0.2764060,0.7235940
36.5320957,13.4815076,6.1251323,3.0000000,0.2760812,0.7239188
36.5820712,13.4395831,6.0979306,3.0000000,0.2757564,0.7242436
36.6320467,13.3976584,6.0707297,3.0000000,0.2754316,0.7245684
36.6820222,13.3557334,6.0435295,3.0000000,0.2744435,0.7255565
36.7319977,13.3138079,6.0163303,3.0000000,0.2734076,0.7265924
36.7819732,13.2718820,5.9891321,3.0000000,0.2723717,0.7276283
36.8319487,13.2299556,5.9619350,3.0000000,0.2713358,0.7286642
36.8819242,13.1880286,5.9347391,3.0000000,0.2702999,0.7297001
36.9318997,13.1461008,5.9075444,3.0000000,0.2692639,0.7307361
36.9818753,13.1041710,5.8803502,3.0000000,0.2682280,0.7317720
37.0318508,13.0622405,5.8531576,3.0000000,0.2671921,0.7328079
37.0818263,13.0203091,5.8259666,3.0000000,0.2661562,0.7338438
37.1318018,12.9783768,5.7987773,3.0000000,0.2651203,0.7348797
37.1817773,12.9364435,5.7715898,3.0000000,0.2647129,0.7352871
37.2317528,12.8945092,5.7444042,3.0000000,0.2643825,0.7356175
37.2817283,12.8525739,5.7172206,3.0000000,0.2640521,0.7359479
37.3317038,12.8106373,5.6900392,3.0000000,0.2637217,0.7362783
37.3816793,12.7686996,5.6628599,3.0000000,0.2633913,0.7366087
37.4316548,12.7267604,5.6356828,3.0000000,0.2630609,0.7369391
37.4816303,12.6848186,5.6085073,3.0000000,0.2627305,0.7372695
37.5316058,12.6428754,5.5813343,3.0000000,0.2624001,0.7375999
37.5815813,12.6009307,5.5541639,3.0000000,0.2620698,0.7379302
37.6315568,12.5589844,5.5269962,3.0000000,0.2617394,0.7382606
37.6815324,12.5170366,5.4998312,3.0000000,0.2613873,0.7386127
37.7315079,12.4750870,5.4726692,3.0000000,0.2610314,0.7389686
37.7814834,12.4331357,5.4455102,3.0000000,0.2606754,0.7393246
37.8314589,12.3911826,5.4183542,3.0000000,0.2603195,0.7396805
37.8814344,12.3492276,5.3912015,3.0000000,0.2599636,0.7400364
37.9314099,12.3072705,5.3640519,3.0000000,0.2596077,0.7403923
37.9813854,12.2653103,5.3369050,3.0000000,0.2592517,0.7407483
38.0313609,12.2233481,5.3097617,3.0000000,0.2588958,0.7411042
38.0813364,12.1813837,5.2826219,3.0000000,0.2585399,0.7414601
38.1313119,12.1394171,5.2554858,3.0000000,0.2581840,0.7418160
38.1812874,12.0974482,5.2283534,3.0000000,0.2571277,0.7428723
38.2312629,12.0554769,5.2012249,3.0000000,0.2559036,0.7440964
38.2812384,12.0135032,5.1741005,3.0000000,0.2546796,0.7453204
38.3312139,11.9715270,5.1469800,3.0000000,0.2534555,0.7465445
38.3811894,11.9295483,5.1198638,3.0000000,0.2522315,0.7477685
38.4311650,11.8875667,5.0927517,3.0000000,0.2510074,0.7489926
38.4811405,11.8455818,5.0656436,3.0000000,0.2497834,0.7502166
38.5311160,11.8035942,5.0385399,3.0000000,0.2485593,0.7514407
38.5810915,11.7616037,5.0114408,3.0000000,0.2473352,0.7526648
38.6310670,11.7196103,4.9843464,3.0000000,0.2461112,0.7538888
38.6810425,11.6776139,4.9572567,3.0000000,0.2454970,0.7545030
38.7310180,11.6356144,4.9301718,3.0000000,0.2450704,0.7549296
38.7809935,11.5936118,4.9030919,3.0000000,0.2446439,0.7553561
38.8309690,11.5516060,4.8760171,3.0000000,0.2442173,0.7557827
38.8809445,11.5095969,4.8489474,3.0000000,0.2437907,0.7562093
38.9309200,11.4675844,4.8218829,3.0000000,0.2433642,0.7566358
38.9808955,11.4255685,4.7948237,3.0000000,0.2429376,0.7570624
39.0308710,11.3835491,4.7677699,3.0000000,0.2425111,0.7574889
39.0808465,11.3415261,4.7407217,3.0000000,0.2420845,0.7579155
39.1308221,11.2994994,4.7136790,3.0000000,0.2416579,0.7583421
39.1807976,11.2574691,4.6866421,3.0000000,0.2417195,0.7582805
39.2307731,11.2154349,4.6596110,3.0000000,0.2419684,0.7580316
39.2807486,11.1733969,4.6325858,3.0000000,0.2422173,0.7577827
39.3307241,11.1313550,4.6055666,3.0000000,0.2424661,0.7575339
39.3806996,11.0893090,4.5785536,3.0000000,0.2427150,0.7572850
39.4306751,11.0472591,4.5515468,3.0000000,0.2429639,0.7570361
39.4806506,11.0052058,4.5245467,3.0000000,0.2432128,0.7567872
39.5306261,10.9631482,4.4975530,3.0000000,0.2434617,0.7565383
39.5806016,10.9210863,4.4705658,3.0000000,0.2437105,0.7562895
39.6305771,10.8790200,4.4435852,3.0000000,0.2439594,0.7560406
39.6805526,10.8369492,4.4166112,3.0000000,0.2436190,0.7563810
39.7305281,10.7948739,4.3896440,3.0000000,0.2430022,0.7569978
39.7805036,10.7527941,4.3626837,3.0000000,0.2423853,0.7576147
39.8304792,10.7107095,4.3357303,3.0000000,0.2417685,0.7582315
39.8804547,10.6686202,4.3087840,3.0000000,0.2411516,0.7588484
39.9304302,10.6265266,4.2818451,3.0000000,0.2405348,0.7594652
39.9804057,10.5844295,4.2549144,3.0000000,0.2399179,0.7600821
40.0303812,10.5423274,4.2279910,3.0000000,0.2393010,0.7606990
40.0803567,10.5002203,4.2010751,3.0000000,0.2386842,0.7613158
40.1303322,10.4581081,4.1741667,3.0000000,0.2380673,0.7619327
40.1803077,10.4159906,4.1472658,3.0000000,0.2370558,0.7629442
40.2302832,10.3738678,4.1203727,3.0000000,0.2358209,0.7641791
40.2802587,10.3317397,4.0934873,3.0000000,0.2345860,0.7654140
40.3302342,10.2896061,4.0666098,3.0000000,0.2333511,0.7666489
40.3802097,10.2474670,4.0397403,3.0000000,0.2321163,0.7678837
40.4301852,10.2053233,4.0128795,3.0000000,0.2308814,0.7691186
40.4801607,10.1631763,3.9860284,3.0000000,0.2296465,0.7703535
40.5301363,10.1210237,3.9591856,3.0000000,0.2284116,0.7715884
40.5801118,10.0788651,3.9323511,3.0000000,0.2271767,0.7728233
40.6300873,10.0367007,3.9055250,3.0000000,0.2259419,0.7740581
40.6800628,9.9945302,3.8787074,3.0000000,0.2257209,0.7742791
40.7300383,9.9523537,3.8518983,3.0000000,0.2261855,0.7738145
40.7800138,9.9101709,3.8250980,3.0000000,0.2266500,0.7733500
40.8299893,9.8679820,3.7983065,3.0000000,0.2271146,0.7728854
40.8799648,9.8257867,3.7715238,3.0000000,0.2275791,0.7724209
40.9299403,9.7835866,3.7447510,3.0000000,0.2280437,0.7719563
40.9799158,9.7413837,3.7179896,3.0000000,0.2285082,0.7714918
41.0298913,9.6991742,3.6912374,3.0000000,0.2289728,0.7710272
41.0798668,9.6569580,3.6644943,3.0000000,0.2294373,0.7705627
41.1298423,9.6147352,3.6377606,3.0000000,0.2299019,0.7700981
41.1798178,9.5725056,3.6110363,3.0000000,0.2305837,0.7694163
41.2297934,9.5302691,3.5843214,3.0000000,0.2314400,0.7685600
41.2797689,9.4880256,3.5576162,3.0000000,0.2322963,0.7677037
41.3297444,9.4457752,3.5309206,3.0000000,0.2331526,0.7668474
41.3797199,9.4035177,3.5042348,3.0000000,0.2340089,0.7659911
41.4296954,9.3612554,3.4775603,3.0000000,0.2348652,0.7651348
41.4796709,9.3189905,3.4508987,3.0000000,0.2357215,0.7642785
41.5296464,9.2767183,3.4242471,3.0000000,0.2365778,0.7634222
41.5796219,9.2344387,3.3976057,3.0000000,0.2374341,0.7625659
41.6295974,9.1921516,3.3709744,3.0000000,0.2382904,0.7617096
41.6795729,9.1498569,3.3443533,3.0000000,0.2378612,0.7621388
41.7295484,9.1075545,3.3177426,3.0000000,0.2362099,0.7637901
41.7795239,9.0652444,3.2911424,3.0000000,0.2345586,0.7654414
41.8294994,9.0229264,3.2645526,3.0000000,0.2329073,0.7670927
41.8794749,8.9806004,3.2379734,3.0000000,0.2312559,0.7687441
41.9294505,8.9382696,3.2114068,3.0000000,0.2296046,0.7703954
41.9794260,8.8959362,3.1848554,3.0000000,0.2279533,0.7720467
42.0294015,8.8535931,3.1583172,3.0000000,0.2263020,0.7736980
42.0793770,8.8112393,3.1317940,3.0000000,0.2246506,0.7753494
42.1293525,8.7688736,3.1052878,3.0000000,0.2229993,0.7770007
42.1793280,8.7264949,3.0788004,3.0000000,0.2210883,0.7789117
42.2293035,8.6841020,3.0523336,3.0000000,0.2188850,0.7811150
42.2792790,8.6416938,3.0258893,3.0000000,0.2166818,0.7833182
42.3292545,8.5992692,2.9994694,3.0000000,0.2144785,0.7855215
42.3792300,8.5568270,2.9730758,3.0000000,0.2122753,0.7877247
42.4292055,8.5143707,2.9467131,3.0000000,0.2100720,0.7899280
42.4791810,8.4719008,2.9203878,3.0000000,0.2078688,0.7921312
42.5291565,8.4294045,2.8941026,3.0000000,0.2056655,0.7943345
42.5791320,8.3868766,2.8678658,3.0000000,0.2034623,0.7965377
42.6291076,8.3443120,2.8416851,3.0000000,0.2012590,0.7987410
42.6790831,8.3017055,2.8155688,3.0000000,0.2000000,0.8000000
42.7290586,8.2590519,2.7895247,3.0000000,0.2000000,0.8000000
42.7790341,8.2163461,2.7635610,3.0000000,0.2000000,0.8000000
42.8290096,8.1735830,2.7376856,3.0000000,0.2000000,0.8000000
42.8789851,8.1307573,2.7119066,3.0000000,0.2000000,0.8000000
42.9289606,8.0878786,2.6862406,3.0000000,0.2000000,0.8000000
42.9789361,8.0449518,2.6607002,3.0000000,0.2000000,0.8000000
43.0289116,8.0019497,2.6352768,3.0000000,0.2000000,0.8000000
43.0788871,7.9588691,2.6099762,3.0000000,0.2000000,0.8000000
43.1288626,7.9157066,2.5848041,3.0000000,0.2000000,0.8000000
43.1788381,7.8724589,2.5597662,3.0000000,0.2004363,0.7995637
43.2288136,7.8291228,2.5348682,3.0000000,0.2015651,0.7984349
43.2787891,7.7856949,2.5101159,3.0000000,0.2026938,0.7973062
43.3287647,7.7421719,2.4855150,3.0000000,0.2038226,0.7961774
43.3787402,7.6985506,2.4610711,3.0000000,0.2049513,0.7950487
43.4287157,7.6548545,2.4368048,3.0000000,0.2060801,0.7939199
43.4786912,7.6110976,2.4127299,3.0000000,0.2072088,0.7927912
43.5286667,7.5672361,2.3888270,3.0000000,0.2083376,0.7916624
43.5786422,7.5232690,2.3651008,3.0000000,0.2094663,0.7905337
43.6286177,7.4791955,2.3415556,3.0000000,0.2105951,0.7894049
43.6785932,7.4350147,2.3181962,3.0000000,0.2122641,0.7877359
43.7285687,7.3907256,2.2950269,3.0000000,0.2149608,0.7850392
43.7785442,7.3463273,2.2720524,3.0000000,0.2176576,0.7823424
43.8285197,7.3018189,2.2492772,3.0000000,0.2203544,0.7796456
43.8784952,7.2571996,2.2267057,3.0000000,0.2230512,0.7769488
43.9284707,7.2124879,2.2043524,3.0000000,0.2257480,0.7742520
43.9784462,7.1676964,2.1822282,3.0000000,0.2284447,0.7715553
44.0284218,7.1227917,2.1603224,3.0000000,0.2311415,0.7688585
44.0783973,7.0777731,2.1386404,3.0000000,0.2338383,0.7661617
44.1283728,7.0326399,2.1171878,3.0000000,0.2365351,0.7634649
44.1783483,6.9873913,2.0959702,3.0000000,0.2397364,0.7602636
44.2283238,6.9420267,2.0749931,3.0000000,0.2441009,0.7558991
44.2782993,6.8965453,2.0542621,3.0000000,0.2484653,0.7515347
44.3282748,6.8509465,2.0337826,3.0000000,0.2528298,0.7471702
44.3782503,6.8052294,2.0135603,3.0000000,0.2571943,0.7428057
44.4282258,6.7594013,1.9936040,3.0000000,0.2615588,0.7384412
44.4782013,6.7134683,1.9739227,3.0000000,0.2659233,0.7340767
44.5281768,6.6674158,1.9545168,3.0000000,0.2702877,0.7297123
44.5781523,6.6212437,1.9353935,3.0000000,0.2746522,0.7253478
44.6281278,6.5749519,1.9165596,3.0000000,0.2790167,0.7209833
44.6781033,6.5285401,1.8980222,3.0000000,0.2841162,0.7158838
44.7280789,6.4820083,1.8797884,3.0000000,0.2913022,0.7086978
44.7780544,6.4353562,1.8618650,3.0000000,0.2984882,0.7015118
44.8280299,6.3885838,1.8442592,3.0000000,0.3056741,0.6943259
44.8780054,6.3416908,1.8269778,3.0000000,0.3128601,0.6871399
44.9279809,6.2946742,1.8100270,3.0000000,0.3200461,0.6799539
44.9779564,6.2475313,1.7934129,3.0000000,0.3272321,0.6727679
45.0279319,6.2002687,1.7771457,3.0000000,0.3344181,0.6655819
45.0779074,6.1528875,1.7612331,3.0000000,0.3416041,0.6583959
45.1278829,6.1053886,1.7456831,3.0000000,0.3487901,0.6512099
45.1778584,6.0577729,1.7305036,3.0000000,0.3566395,0.6433605
45.2278339,6.0100413,1.7157023,2.9968878,0.3668621,0.6331379
45.2778094,5.9621949,1.7012873,2.9905458,0.3770847,0.6229153
45.3277849,5.9142345,1.6872664,2.9809940,0.3873074,0.6126926
45.3777604,5.8661612,1.6736474,2.9682531,0.3975300,0.6024700
45.4277360,5.8179675,1.6604360,2.9523445,0.4077526,0.5922474
45.4777115,5.7696439,1.6476377,2.9364013,0.4179752,0.5820248
45.5276870,5.7212121,1.6352662,2.9205617,0.4281978,0.5718022
45.5776625,5.6726746,1.6233299,2.9048267,0.4384204,0.5615796
45.6276380,5.6240340,1.6118374,2.8891952,0.4486430,0.5513570
45.6776135,5.5752928,1.6007969,2.8736656,0.4587151,0.5412849
45.7275890,5.5264535,1.5902171,2.8582353,0.4680847,0.5319153
45.7775645,5.4775188,1.5801062,2.8429011,0.4774544,0.5225456
45.8275400,5.4284910,1.5704728,2.8276595,0.4868240,0.5131760
45.8775155,5.3793729,1.5613253,2.8125108,0.4961936,0.5038064
45.9274910,5.3301551,1.5526702,2.7974573,0.5055633,0.4944367
45.9774665,5.2808223,1.5445133,2.7825035,0.5149329,0.4850671
46.0274420,5.2314108,1.5368695,2.7676566,0.5243026,0.4756974
46.0774175,5.1819264,1.5297480,2.7529252,0.5336722,0.4663278
46.1273930,5.1323748,1.5231578,2.7383163,0.5430419,0.4569581
46.1773686,5.0827618,1.5171082,2.7238365,0.5518781,0.4481219
46.2273441,5.0330932,1.5116083,2.7094922,0.5572806,0.4427194
46.2773196,4.9833750,1.5066675,2.6952893,0.5626830,0.4373170
46.3272951,4.9336127,1.5022947,2.6812282,0.5680855,0.4319145
46.3772706,4.8838123,1.4984993,2.6672955,0.5734880,0.4265120
46.4272461,4.8339505,1.4952886,2.6534792,0.5788905,0.4211095
46.4772216,4.7839837,1.4926705,2.6397686,0.5842929,0.4157071
46.5271971,4.7339999,1.4906589,2.6261545,0.5896954,0.4103046
46.5771726,4.6840080,1.4892625,2.6126343,0.5950979,0.4049021
46.6271481,4.6340168,1.4884898,2.5992203,0.6005004,0.3994996
46.6771236,4.5840352,1.4883494,2.5859245,0.6061562,0.3938438
46.7270991,4.5340720,1.4888497,2.5727591,0.6142999,0.3857001
46.7770746,4.4841362,1.4899993,2.5597357,0.6224436,0.3775564
46.8270501,4.4342365,1.4918067,2.5468593,0.6305872,0.3694128
46.8770257,4.3843819,1.4942805,2.5341205,0.6387309,0.3612691
46.9270012,4.3345273,1.4974330,2.5215139,0.6468746,0.3531254
46.9769767,4.2845975,1.5012817,2.5090380,0.6550182,0.3449818
47.0269522,4.2347454,1.5058261,2.4966965,0.6631619,0.3368381
47.0769277,4.1849845,1.5110736,2.4845051,0.6713055,0.3286945
47.1269032,4.1353281,1.5170315,2.4725000,0.6794492,0.3205508
47.1768787,4.0857894,1.5237070,2.4607211,0.6875960,0.3124040
47.2268542,4.0363818,1.5311076,2.4492123,0.6958018,0.3041982
47.2768297,3.9871187,1.5392406,2.4380234,0.7040076,0.2959924
47.3268052,3.9380133,1.5481132,2.4271857,0.7122134,0.2877866
47.3767807,3.8890789,1.5577328,2.4166828,0.7204191,0.2795809
47.4267562,3.8402393,1.5681265,2.4064986,0.7286249,0.2713751
47.4767317,3.7914153,1.5793271,2.3966165,0.7368307,0.2631693
47.5267072,3.7428063,1.5913014,2.3870203,0.7450365,0.2549635
47.5766828,3.6944266,1.6040539,2.3777197,0.7532423,0.2467577
47.6266583,3.6462909,1.6175890,2.3687824,0.7614480,0.2385520
47.6766338,3.5984137,1.6319111,2.3602920,0.7696103,0.2303897
47.7266093,3.5508095,1.6470248,2.3523574,0.7726391,0.2273609
47.7765848,3.5034930,1.6629343,2.3451353,0.7756679,0.2243321
47.8265603,3.4564786,1.6796443,2.3385570,0.7786967,0.2213033
47.8765358,3.4097810,1.6971591,2.3325708,0.7817255,0.2182745
47.9265113,3.3632960,1.7155311,2.3267913,0.7847543,0.2152457
47.9764868,3.3170060,1.7347798,2.3208201,0.7877830,0.2122170
48.0264623,3.2710864,1.7548343,2.3142123,0.7908118,0.2091882
48.0764378,3.2255559,1.7756839,2.3067421,0.7938406,0.2061594
48.1264133,3.1804331,1.7973177,2.2981552,0.7968694,0.2031306
48.1763888,3.1357367,1.8197248,2.2885097,0.7998982,0.2001018
48.2263643,3.0914854,1.8428943,2.2778444,0.8000000,0.2000000
48.2763399,3.0476979,1.8668154,2.2661858,0.8000000,0.2000000
48.3263154,3.0043929,1.8914771,2.2535367,0.8000000,0.2000000
48.3762909,2.9615891,1.9168687,2.2401388,0.8000000,0.2000000
48.4262664,2.9190141,1.9431632,2.2262604,0.8000000,0.2000000
48.4762419,2.8767906,1.9703121,2.2121724,0.8000000,0.2000000
48.5262174,2.8351370,1.9981984,2.1981500,0.8000000,0.2000000
48.5761929,2.7940723,2.0268259,2.1844888,0.8000000,0.2000000
48.6261684,2.7536154,2.0561984,2.1712449,0.8000000,0.2000000
48.6761439,2.7137852,2.0863197,2.1584491,0.8000000,0.2000000
48.7261194,2.6746007,2.1171937,2.1461325,0.7954426,0.2045574
48.7760949,2.6360807,2.1488241,2.1343257,0.7905124,0.2094876
48.8260704,2.5982442,2.1812149,2.1229292,0.7855822,0.2144178
48.8760459,2.5611101,2.2143697,2.1118323,0.7806520,0.2193480
48.9260214,2.5245275,2.2484533,2.1009050,0.7757217,0.2242783
48.9759970,2.4886726,2.2833290,2.0900158,0.7707915,0.2292085
49.0259725,2.4535954,2.3189645,2.0790308,0.7658613,0.2341387
49.0759480,2.4193205,2.3553508,2.0679432,0.7609311,0.2390689
49.1259235,2.3858725,2.3924789,2.0567523,0.7560008,0.2439992
49.1758990,2.3532760,2.4303398,2.0454703,0.7510706,0.2489294
49.2258745,2.3215557,2.4689243,2.0341030,0.7511226,0.2488774
49.2758500,2.2907361,2.5082236,2.0226521,0.7518388,0.2481612
49.3258255,2.2608420,2.5482285,2.0110950,0.7525550,0.2474450
49.3758010,2.2318883,2.5889436,1.9993056,0.7532713,0.2467287
49.4257765,2.2038752,2.6303970,1.9871655,0.7539875,0.2460125
49.4757520,2.1768696,2.6725129,1.9745637,0.7547037,0.2452963
49.5257275,2.1509005,2.7152669,1.9613929,0.7554200,0.2445800
49.5757030,2.1259968,2.7586348,1.9475682,0.7561362,0.2438638
49.6256785,2.1021874,2.8025923,1.9331050,0.7568525,0.2431475
49.6756541,2.0795012,2.8471150,1.9180062,0.7575687,0.2424313
49.7256296,2.0579672,2.8921787,1.9022611,0.7596985,0.2403015
49.7756051,2.0376143,2.9377590,1.8858222,0.7620969,0.2379031
49.8255806,2.0184714,2.9838317,1.8688802,0.7644953,0.2355047
49.8755561,2.0005427,3.0304401,1.8516498,0.7668937,0.2331063
49.9255316,1.9838743,3.0775513,1.8343614,0.7692921,0.2307079
49.9755071,1.9685313,3.1250868,1.8172608,0.7716905,0.2283095
50.0254826,1.9545569,3.1730239,1.8006292,0.7740889,0.2259111
50.0754581,1.9419944,3.2213400,1.7845041,0.7764873,0.2235127
50.1254336,1.9308868,3.2700122,1.7688842,0.7788857,0.2211143
50.1754091,1.9212773,3.3190180,1.7537262,0.7812841,0.2187159
50.2253846,1.9132092,3.3683345,1.7389255,0.7827946,0.2172054
50.2753601,1.9067255,3.4179391,1.7243771,0.7840807,0.2159193
50.3253356,1.9018696,3.4678091,1.7098361,0.7853669,0.2146331
50.3753112,1.8987035,3.5175001,1.6951079,0.7866530,0.2133470
50.4252867,1.8972210,3.5673180,1.6801141,0.7879391,0.2120609
50.4752622,1.8974584,3.6172221,1.6649209,0.7892252,0.2107748
50.5252377,1.8994550,3.6671341,1.6496698,0.7905114,0.2094886
50.5752132,1.9032502,3.7169757,1.6347493,0.7917975,0.2082025
50.6251887,1.9088835,3.7666683,1.6206722,0.7930836,0.2069164
50.6751642,1.9163941,3.8161338,1.6082095,0.7943698,0.2056302
50.7251397,1.9258215,3.8652937,1.5984837,0.7950836,0.2049164
50.7751152,1.9372050,3.9140696,1.5913785,0.7956131,0.2043869
50.8250907,1.9505569,3.9622930,1.5883014,0.7961425,0.2038575
50.8750662,1.9657853,4.0096233,1.5892963,0.7966720,0.2033280
50.9250417,1.9829366,4.0563636,1.5938374,0.7972014,0.2027986
50.9750172,2.0019556,4.1024518,1.6008260,0.7977309,0.2022691
51.0249927,2.0227874,4.1478256,1.6102328,0.7982604,0.2017396
51.0749683,2.0453767,4.1924228,1.6203298,0.7987898,0.2012102
51.1249438,2.0696685,4.2361810,1.6305333,0.7993193,0.2006807
51.1749193,2.0956076,4.2790381,1.6404302,0.7998487,0.2001513
51.2248948,2.1231389,4.3209318,1.6496851,0.8000000,0.2000000
51.2748703,2.1522073,4.3617998,1.6585293,0.8000000,0.2000000
51.3248458,2.1826909,4.4014971,1.6678642,0.8000000,0.2000000
51.3748213,2.2144767,4.4399494,1.6783786,0.8000000,0.2000000
51.4247968,2.2475891,4.4772922,1.6906672,0.8000000,0.2000000
51.4747723,2.2819516,4.5135283,1.7052789,0.8000000,0.2000000
51.5247478,2.3174879,4.5486607,1.7222146,0.8000000,0.2000000
51.5747233,2.3541218,4.5826922,1.7408195,0.8000000,0.2000000
51.6246988,2.3917769,4.6156259,1.7606654,0.8000000,0.2000000
51.6746743,2.4303769,4.6474647,1.7814328,0.8000000,0.2000000
51.7246498,2.4698454,4.6782114,1.8028667,0.7969777,0.2030223
51.7746254,2.5101062,4.7078689,1.8247161,0.7924821,0.2075179
51.8246009,2.5511522,4.7364872,1.8467752,0.7879865,0.2120135
51.8745764,2.5929250,4.7640703,1.8689172,0.7834909,0.2165091
51.9245519,2.6353277,4.7905983,1.8910793,0.7789953,0.2210047
51.9745274,2.6783250,4.8160953,1.9132509,0.7744997,0.2255003
52.0245029,2.7218814,4.8405851,1.9355014,0.7700041,0.2299959
52.0744784,2.7659614,4.8640919,1.9579203,0.7655085,0.2344915
52.1244539,2.8105297,4.8866396,1.9805691,0.7610129,0.2389871
52.1744294,2.8555509,4.9082522,2.0034874,0.7565173,0.2434827
52.2244049,2.9009895,4.9289536,2.0266979,0.7495911,0.2504089
52.2743804,2.9468100,4.9487679,2.0502095,0.7412389,0.2587611
52.3243559,2.9930066,4.9677308,2.0740343,0.7328866,0.2671134
52.3743314,3.0395390,4.9858626,2.0981904,0.7245344,0.2754656
52.4243069,3.0863757,5.0031883,2.1227018,0.7161822,0.2838178
52.4742825,3.1334979,5.0197383,2.1475976,0.7078299,0.2921701
52.5242580,3.1808867,5.0355427,2.1729126,0.6994777,0.3005223
52.5742335,3.2285232,5.0506318,2.1986731,0.6911255,0.3088745
52.6242090,3.2763885,5.0650360,2.2248955,0.6827733,0.3172267
52.6741845,3.3244638,5.0787854,2.2515889,0.6744210,0.3255790
52.7241600,3.3727302,5.0919104,2.2787565,0.6673836,0.3326164
52.7741355,3.4211688,5.1044412,2.3063652,0.6612666,0.3387334
52.8241110,3.4695942,5.1163676,2.3343818,0.6551496,0.3448504
52.8740865,3.5181381,5.1277577,2.3627771,0.6490326,0.3509674
52.9240620,3.5668196,5.1386472,2.3915255,0.6429155,0.3570845
52.9740375,3.6156321,5.1490654,2.4206043,0.6367985,0.3632015
53.0240130,3.6645693,5.1590418,2.4500246,0.6306815,0.3693185
53.0739885,3.7136245,5.1686057,2.4797959,0.6245645,0.3754355
53.1239640,3.7627914,5.1777865,2.5099212,0.6184475,0.3815525
53.1739396,3.8120634,5.1866136,2.5403979,0.6123305,0.3876695
53.2239151,3.8614341,5.1951163,2.5710424,0.6074381,0.3925619
53.2738906,3.9108953,5.2033237,2.6016313,0.6035631,0.3964369
53.3238661,3.9600685,5.2112058,2.6319489,0.5996882,0.4003118
53.3738416,4.0093210,5.2188503,2.6617874,0.5958132,0.4041868
53.4238171,4.0586475,5.2262813,2.6909477,0.5919382,0.4080618
53.4737926,4.1080430,5.2335227,2.7194153,0.5880633,0.4119367
53.5237681,4.1575021,5.2405987,2.7472203,0.5841883,0.4158117
53.5737436,4.2070198,5.2475333,2.7743904,0.5803134,0.4196866
53.6237191,4.2565909,5.2543505,2.8009518,0.5764384,0.4235616
53.6736946,4.3062101,5.2610743,2.8269288,0.5725634,0.4274366
53.7236701,4.3558724,5.2677289,2.8523442,0.5651151,0.4348849
53.7736456,4.4055560,5.2743360,2.8772195,0.5541529,0.4458471
53.8236211,4.4550376,5.2808906,2.9015747,0.5431908,0.4568092
53.8735966,4.5045443,5.2874461,2.9254289,0.5322286,0.4677714
53.9235722,4.5540688,5.2940244,2.9488000,0.5212664,0.4787336
53.9735477,4.6036037,5.3006475,2.9683850,0.5103042,0.4896958
54.0235232,4.6531421,5.3073373,2.9832028,0.4993421,0.5006579
54.0734987,4.7026765,5.3141160,2.9933497,0.4883799,0.5116201
54.1234742,4.7521999,5.3210054,2.9989188,0.4774177,0.5225823
54.1734497,4.8017050,5.3280274,3.0000000,0.4664555,0.5335445
54.2234252,4.8511845,5.3352042,3.0000000,0.4507700,0.5492300
54.2734007,4.9006365,5.3425584,3.0000000,0.4295883,0.5704117
54.3233762,4.9501102,5.3501199,3.0000000,0.4084066,0.5915934
54.3733517,4.9995379,5.3578980,3.0000000,0.3872248,0.6127752
54.4233272,5.0489136,5.3659104,3.0000000,0.3660431,0.6339569
54.4733027,5.0982313,5.3741749,3.0000000,0.3448614,0.6551386
54.5232782,5.1474851,5.3827092,3.0000000,0.3236797,0.6763203
54.5732537,5.1966688,5.3915312,3.0000000,0.3024979,0.6975021
54.6232293,5.2457765,5.4006584,3.0000000,0.2813162,0.7186838
54.6732048,5.2948021,5.4101088,3.0000000,0.2601345,0.7398655
54.7231803,5.3437397,5.4199000,3.0000000,0.2458504,0.7541496
54.7731558,5.3925998,5.4300533,3.0000000,0.2410852,0.7589148
54.8231313,5.4415066,5.4406124,3.0000000,0.2363200,0.7636800
54.8731068,5.4903105,5.4515537,3.0000000,0.2315547,0.7684453
54.9230823,5.5390090,5.4628819,3.0000000,0.2267895,0.7732105
54.9730578,5.5875994,5.4746017,3.0000000,0.2220242,0.7779758
55.0230333,5.6360793,5.4867176,3.0000000,0.2172590,0.7827410
55.0730088,5.6844460,5.4992345,3.0000000,0.2124937,0.7875063
55.1229843,5.7326971,5.5121570,3.0000000,0.2077285,0.7922715
55.1729598,5.7808301,5.5254898,3.0000000,0.2029633,0.7970367
55.2229353,5.8288423,5.5392375,3.0000000,0.2012303,0.7987697
55.2729108,5.8767329,5.5534054,3.0000000,0.2044838,0.7955162
55.3228864,5.9245064,5.5679995,3.0000000,0.2077373,0.7922627
55.3728619,5.9721504,5.5830185,3.0000000,0.2109908,0.7890092
55.4228374,6.0196616,5.5984636,3.0000000,0.2142443,0.7857557
55.4728129,6.0670365,5.6143359,3.0000000,0.2174978,0.7825022
55.5227884,6.1142716,5.6306363,3.0000000,0.2207513,0.7792487
55.5727639,6.1613634,5.6473661,3.0000000,0.2240048,0.7759952
55.6227394,6.2083087,5.6645262,3.0000000,0.2272583,0.7727417
55.6727149,6.2551039,5.6821177,3.0000000,0.2305118,0.7694882
55.7226904,6.3017456,5.7001417,3.0000000,0.2328540,0.7671460
55.7726659,6.3482075,5.7185901,3.0000000,0.2333964,0.7666036
55.8226414,6.3944278,5.7374391,3.0000000,0.2339388,0.7660612
55.8726169,6.4404832,5.7567215,3.0000000,0.2344812,0.7655188
55.9225924,6.4863691,5.7764379,3.0000000,0.2350236,0.7649764
55.9725679,6.5320806,5.7965892,3.0000000,0.2355660,0.7644340
56.0225435,6.5776128,5.8171761,3.0000000,0.2361084,0.7638916
56.0725190,6.6229611,5.8381993,3.0000000,0.2366508,0.7633492
56.1224945,6.6681205,5.8596596,3.0000000,0.2371933,0.7628067
56.1724700,6.7130863,5.8815576,3.0000000,0.2377357,0.7622643
56.2224455,6.7578536,5.9038942,3.0000000,0.2381234,0.7618766
56.2724210,6.8023817,5.9266515,3.0000000,0.2381399,0.7618601
56.3223965,6.8465980,5.9497930,3.0000000,0.2381564,0.7618436
56.3723720,6.8906016,5.9733717,3.0000000,0.2381729,0.7618271
56.4223475,6.9343867,5.9973877,2.9990506,0.2381894,0.7618106
56.4723230,6.9779476,6.0218412,2.9971562,0.2382059,0.7617941
56.5222985,7.0212786,6.0467323,2.9943653,0.2382224,0.7617776
56.5722740,7.0643740,6.0720610,2.9907421,0.2382389,0.7617611
56.6222495,7.1072280,6.0978275,2.9863789,0.2382554,0.7617446
56.6722250,7.1498350,6.1240320,2.9823374,0.2382719,0.7617281
56.7222006,7.1921891,6.1506744,2.9787728,0.2378010,0.7621990
56.7721761,7.2342503,6.1777327,2.9755641,0.2358841,0.7641159
56.8221516,7.2759515,6.2051638,2.9725627,0.2339673,0.7660327
56.8721271,7.3173842,6.2330278,2.9696480,0.2320504,0.7679496
56.9221026,7.3585427,6.2613226,2.9666894,0.2301335,0.7698665
56.9720781,7.3994211,6.2900460,2.9635153,0.2282167,0.7717833
57.0220536,7.4400136,6.3191960,2.9601991,0.2262998,0.7737002
57.0720291,7.4803143,6.3487704,2.9568430,0.2243829,0.7756171
57.1220046,7.5203175,6.3787672,2.9535249,0.2224661,0.7775339
57.1719801,7.5600173,6.4091843,2.9503123,0.2205492,0.7794508
57.2219556,7.5994080,6.4400196,2.9473544,0.2186368,0.7813632
57.2719311,7.6384636,6.4712546,2.9450170,0.2167413,0.7832587
57.3219066,7.6771361,6.5028488,2.9435106,0.2148457,0.7851543
57.3718821,7.7154891,6.5348465,2.9429627,0.2129502,0.7870498
57.4218577,7.7535214,6.5672403,2.9434706,0.2110547,0.7889453
57.4718332,7.7912318,6.6000230,2.9450215,0.2091591,0.7908409
57.5218087,7.8286190,6.6331871,2.9473563,0.2072636,0.7927364
57.5717842,7.8656820,6.6667252,2.9503411,0.2053680,0.7946320
57.6217597,7.9024195,6.7006300,2.9538815,0.2034725,0.7965275
57.6717352,7.9388303,6.7348942,2.9579048,0.2015770,0.7984230
57.7217107,7.9749131,6.7695103,2.9623605,0.2004609,0.7995391
57.7716862,8.0106613,6.8044653,2.9672433,0.2032033,0.7967967
57.8216617,8.0460562,6.8397335,2.9725524,0.2059458,0.7940542
57.8716372,8.0811233,6.8753312,2.9782904,0.2086882,0.7913118
57.9216127,8.1158641,6.9112510,2.9844623,0.2114306,0.7885694
57.9715882,8.1502800,6.9474858,2.9900468,0.2141730,0.7858270
58.0215637,8.1843724,6.9840283,2.9944823,0.2169154,0.7830846
58.0715392,8.2181427,7.0208713,2.9976756,0.2196579,0.7803421
58.1215148,8.2515924,7.0580077,2.9995410,0.2224003,0.7775997
58.1714903,8.2847230,7.0954300,3.0000000,0.2251427,0.7748573
58.2214658,8.3175359,7.1331312,3.0000000,0.2307041,0.7692959
58.2714413,8.3500330,7.1711046,3.0000000,0.2558106,0.7441894
58.3214168,8.3822190,7.2093469,3.0000000,0.2809171,0.7190829
58.3713923,8.4140928,7.2478475,3.0000000,0.3060236,0.6939764
58.4213678,8.4456570,7.2866004,3.0000000,0.3311301,0.6688699
58.4713433,8.4769142,7.3255994,3.0000000,0.3562366,0.6437634
58.5213188,8.5078669,7.3648383,3.0000000,0.3813431,0.6186569
58.5712943,8.5385177,7.4043109,3.0000000,0.4064496,0.5935504
58.6212698,8.5688692,7.4440110,3.0000000,0.4315561,0.5684439
58.6712453,8.5989240,7.4839326,3.0000000,0.4566626,0.5433374
58.7212208,8.6286847,7.5240694,3.0000000,0.4812303,0.5187697
58.7711963,8.6581557,7.5644178,3.0000000,0.4999248,0.5000752
58.8211719,8.6873594,7.6049996,3.0000000,0.5186193,0.4813807
58.8711474,8.7162770,7.6457796,3.0000000,0.5373139,0.4626861
58.9211229,8.7449119,7.6867529,3.0000000,0.5560084,0.4439916
58.9710984,8.7732674,7.7279144,3.0000000,0.5747029,0.4252971
59.0210739,8.8013468,7.7692591,3.0000000,0.5933975,0.4066025
59.0710494,8.8291534,7.8107819,3.0000000,0.6120920,0.3879080
59.1210249,8.8566906,7.8524778,3.0000000,0.6307865,0.3692135
59.1710004,8.8839616,7.8943418,3.0000000,0.6494810,0.3505190
59.2209759,8.9109699,7.9363689,3.0000000,0.6675278,0.3324722
59.2709514,8.9377198,7.9785557,3.0000000,0.6708052,0.3291948
59.3209269,8.9642449,8.0209462,3.0000000,0.6740827,0.3259173
59.3709024,8.9905175,8.0634857,3.0000000,0.6773601,0.3226399
59.4208779,9.0165415,8.1061700,3.0000000,0.6806376,0.3193624
59.4708534,9.0423211,8.1489949,3.0000000,0.6839150,0.3160850
59.5208290,9.0678603,8.1919560,3.0000000,0.6871925,0.3128075
59.5708045,9.0931634,8.2350491,3.0000000,0.6904699,0.3095301
59.6207800,9.1182344,8.2782699,3.0000000,0.6937473,0.3062527
59.6707555,9.1430775,8.3216141,3.0000000,0.6970248,0.3029752
59.7207310,9.1676967,8.3650775,3.0000000,0.7003022,0.2996978
